Age,Breed1,Breed2,Gender,Color1,Color2,MaturitySize,Vaccinated,FurLength,Dewormed,Sterilized,Health,Quantity,AdoptionSpeed,AdoptionSpeedBinary,StatusPred
108,152,0,1,1,2,2,1,1,1,1,1,1,4,1,1
2,307,0,2,1,2,2,1,2,1,2,1,1,3,1,1
7,307,0,2,2,0,2,1,1,1,2,1,1,3,1,1
2,307,0,2,1,2,2,3,2,3,2,1,1,2,0,0
3,307,0,3,1,2,2,2,1,2,2,1,3,1,0,0
36,307,0,1,2,0,3,1,2,1,1,1,1,4,1,1
12,307,0,1,2,3,2,1,2,1,1,1,1,4,1,1
8,264,266,1,3,4,3,2,1,1,2,1,1,2,0,0
96,152,0,1,2,0,1,1,1,3,2,1,1,2,0,0
9,264,276,1,5,0,2,1,3,1,1,1,1,3,1,1
7,285,248,1,1,7,2,2,3,1,2,1,1,1,0,0
2,307,0,2,1,2,2,2,2,2,2,1,1,4,1,1
1,307,307,2,2,0,2,2,1,2,1,1,1,1,0,0
1,266,0,1,6,7,1,2,1,1,2,1,1,4,1,1
12,307,0,1,1,2,2,1,1,1,1,1,1,4,1,1
3,266,0,1,2,7,1,2,1,2,2,1,1,2,0,0
2,307,0,3,1,2,2,1,1,1,2,1,5,4,1,1
2,265,0,3,1,2,1,2,2,2,2,1,5,2,0,0
17,307,0,2,4,5,2,1,1,1,3,1,1,4,1,1
36,307,213,1,3,0,1,1,2,1,1,1,1,4,1,1
30,266,0,3,6,7,2,1,1,1,1,1,2,4,1,1
3,266,248,2,2,5,1,2,1,2,2,1,1,3,1,1
3,307,189,1,1,2,2,2,1,2,2,1,1,2,0,0
1,266,0,3,1,6,2,2,2,2,2,1,6,2,0,0
36,307,0,1,1,7,2,2,2,2,2,1,1,3,1,1
2,307,0,1,2,5,2,1,1,1,2,1,1,2,0,0
2,307,0,2,5,7,2,2,1,2,2,1,1,3,1,1
4,264,292,2,1,6,3,2,3,1,2,1,2,3,1,1
2,266,0,2,1,2,2,1,1,1,2,1,1,2,0,0
4,266,0,1,1,6,1,2,1,2,2,1,1,1,0,0
2,31,307,1,1,7,2,3,1,3,2,1,1,3,1,1
2,307,0,2,1,7,2,2,1,2,2,1,1,2,0,0
0,307,0,1,2,7,2,2,1,1,2,1,1,2,0,0
2,307,0,2,2,7,2,3,1,3,2,1,1,2,0,0
1,241,242,2,4,5,2,3,3,3,3,1,1,1,0,0
4,307,307,2,4,0,2,1,1,1,1,1,1,3,1,1
1,265,0,1,5,7,3,2,2,1,2,1,1,1,0,0
5,307,307,2,2,0,2,1,2,1,2,1,1,4,1,1
5,307,0,2,7,0,2,1,1,1,2,1,1,4,1,1
6,307,0,1,1,0,2,3,1,3,3,1,1,2,0,0
2,307,0,1,2,6,2,1,1,1,3,1,2,4,1,1
3,266,0,2,1,2,2,2,1,1,2,1,1,1,0,0
72,266,0,2,3,4,1,2,1,2,1,1,1,2,0,0
1,264,266,1,1,7,3,2,2,2,2,1,1,3,1,1
2,266,0,2,4,7,1,3,1,3,3,1,1,1,0,0
3,266,0,3,1,3,1,2,1,2,2,1,2,3,1,1
48,266,296,1,6,7,3,1,1,1,1,1,1,3,1,1
2,307,0,3,1,7,2,1,1,1,2,1,2,3,1,1
35,205,0,1,1,7,2,1,2,1,1,1,1,2,0,0
8,76,75,2,1,7,1,2,1,2,2,1,1,4,1,1
36,285,0,1,3,4,2,3,2,3,3,1,1,1,0,0
60,213,307,2,1,0,2,1,2,1,3,1,1,4,1,1
6,307,0,2,1,2,2,1,2,1,1,1,1,3,1,1
2,307,0,2,6,0,2,1,2,1,2,1,1,4,1,1
1,307,0,2,2,0,2,2,1,2,2,1,1,4,1,1
16,266,0,1,5,7,2,1,1,1,1,1,1,4,1,1
24,307,0,2,5,7,2,1,1,1,2,1,1,4,1,1
3,307,103,1,2,5,2,2,1,1,1,1,1,1,0,0
1,307,0,3,1,2,1,1,1,3,3,1,6,3,1,1
1,307,0,1,1,7,1,3,1,3,3,1,1,4,1,1
4,141,307,2,1,7,3,1,2,1,2,1,1,4,1,1
4,266,0,2,1,4,2,1,1,1,2,1,1,2,0,0
24,266,0,2,4,0,2,3,1,3,2,1,1,4,1,1
4,265,0,1,4,0,2,2,2,1,2,1,1,4,1,1
2,119,0,3,2,0,3,1,2,1,2,1,3,4,1,1
12,254,0,2,1,2,2,1,2,1,1,1,1,4,1,1
2,266,0,1,1,6,1,2,1,1,2,1,1,1,0,0
36,264,0,1,6,0,2,3,3,3,3,1,1,1,0,0
6,265,265,3,2,5,2,1,2,1,1,1,3,2,0,0
2,266,0,3,1,2,1,2,1,2,2,1,3,2,0,0
72,205,0,1,2,6,1,1,3,1,1,1,1,3,1,1
2,307,0,2,1,2,2,3,1,3,2,1,1,2,0,0
1,307,0,2,2,4,2,2,1,1,2,1,3,2,0,0
6,266,0,1,6,0,2,1,2,3,1,1,1,1,0,0
2,307,0,2,2,5,2,1,2,1,2,1,1,2,0,0
3,307,0,2,2,5,2,2,2,2,2,1,1,4,1,1
5,307,0,2,5,7,2,2,2,2,2,1,1,4,1,1
6,307,0,1,2,7,2,1,1,2,2,1,1,4,1,1
96,205,0,2,5,0,2,1,2,1,1,1,1,4,1,1
2,266,0,3,7,0,2,2,1,1,2,1,3,1,0,0
24,152,0,2,2,0,1,1,1,1,2,1,1,1,0,0
3,307,0,1,1,2,2,2,1,2,2,1,1,2,0,0
5,213,0,1,1,2,3,1,2,1,1,1,1,2,0,0
1,266,299,3,1,2,2,2,1,1,2,1,3,3,1,1
1,307,0,3,2,7,2,2,2,2,2,1,7,3,1,1
1,266,0,1,1,7,2,2,1,1,2,1,1,2,0,0
1,250,0,1,1,0,2,1,1,1,2,1,1,2,0,0
36,266,0,2,1,6,2,2,2,2,1,1,1,4,1,1
1,307,0,2,1,2,2,2,2,2,2,1,1,4,1,1
27,265,265,2,3,4,2,2,2,2,1,1,1,4,1,1
3,266,264,1,3,0,2,2,2,2,2,1,1,3,1,1
3,254,299,3,1,5,2,2,2,2,2,1,2,4,1,1
3,304,0,1,1,7,1,2,2,2,2,1,1,2,0,0
1,266,0,1,6,0,2,1,1,1,2,1,2,2,0,0
2,307,0,1,2,6,1,1,1,1,2,1,1,4,1,1
3,264,292,3,1,4,1,2,2,2,2,1,4,3,1,1
5,218,0,1,2,7,2,1,1,1,1,1,1,2,0,0
2,307,0,1,2,0,2,1,2,1,2,1,1,4,1,1
1,266,0,2,1,7,2,2,1,2,2,1,1,4,1,1
17,266,0,2,1,7,2,1,1,1,1,1,1,2,0,0
5,299,266,2,1,4,3,2,2,2,2,1,1,3,1,1
1,266,0,2,1,4,2,2,1,2,2,1,1,1,0,0
3,266,0,2,7,0,1,2,1,2,2,1,1,3,1,1
1,266,0,1,2,7,2,3,1,3,3,1,1,1,0,0
12,307,213,2,2,0,2,1,2,1,1,1,1,3,1,1
3,266,0,2,1,2,2,1,1,1,2,1,1,2,0,0
2,307,0,2,2,0,2,2,1,2,2,1,1,2,0,0
17,119,0,1,1,5,2,2,2,1,2,1,1,2,0,0
6,266,0,2,1,6,1,1,1,1,1,1,1,2,0,0
4,307,0,1,7,0,2,1,1,1,2,1,1,4,1,1
48,205,0,3,2,6,1,1,3,1,2,1,2,2,0,0
4,307,0,2,2,7,2,1,2,3,3,1,1,3,1,1
2,307,0,2,1,0,2,2,1,2,2,1,1,3,1,1
12,307,21,1,6,7,2,1,3,1,1,1,1,4,1,1
2,307,0,2,2,7,2,3,2,1,3,1,1,3,1,1
2,307,0,2,1,2,1,2,1,2,2,1,1,4,1,1
2,307,0,3,2,5,2,3,1,3,3,1,4,4,1,1
2,307,0,2,1,2,2,1,2,1,2,1,1,1,0,0
2,276,0,2,5,7,3,2,3,2,2,1,1,1,0,0
84,141,0,2,2,5,3,1,1,1,1,1,1,4,1,1
1,307,0,1,2,7,2,2,2,2,2,1,1,2,0,0
1,266,265,2,7,0,1,2,2,2,2,1,1,2,0,0
3,299,0,3,4,6,2,3,1,3,3,1,4,3,1,1
31,103,218,2,1,2,2,1,2,1,1,1,1,4,1,1
8,307,0,2,1,2,2,2,1,2,2,1,1,4,1,1
1,266,0,3,3,4,2,2,1,2,2,1,4,2,0,0
5,200,307,1,2,3,3,1,1,1,1,1,1,4,1,1
4,307,0,2,1,0,1,2,1,2,2,1,1,2,0,0
3,276,264,2,7,0,2,2,3,2,2,1,1,3,1,1
0,266,0,1,1,0,1,2,1,2,2,1,1,4,1,1
18,265,0,2,3,0,2,3,2,3,3,1,1,3,1,1
3,307,0,1,1,2,2,2,1,1,2,1,1,4,1,1
2,307,0,2,1,2,2,2,1,1,2,1,1,2,0,0
24,207,0,1,1,0,2,2,2,1,1,1,1,1,0,0
3,266,0,1,1,0,2,2,1,2,2,1,1,4,1,1
5,307,0,1,2,0,2,1,1,1,2,1,1,3,1,1
2,295,0,3,1,7,1,2,1,2,2,1,2,3,1,1
0,266,266,2,1,2,1,2,1,2,2,1,6,4,1,1
2,26,307,2,1,2,4,1,1,1,2,1,1,3,1,1
55,20,0,1,1,2,2,1,1,1,3,1,1,1,0,0
1,307,307,2,1,4,2,2,1,2,2,1,1,1,0,0
1,300,0,3,1,5,2,2,1,2,2,1,6,2,0,0
3,307,0,2,1,0,2,2,1,2,2,1,1,4,1,1
60,179,0,1,2,5,1,1,1,2,2,1,1,2,0,0
1,307,0,2,1,2,2,2,2,2,2,1,1,4,1,1
33,206,213,2,3,4,2,1,2,1,1,1,1,4,1,1
2,266,0,1,1,2,1,2,1,2,2,1,1,2,0,0
1,307,0,1,1,2,2,2,1,1,2,1,1,2,0,0
2,265,0,3,1,3,1,2,2,2,2,1,3,1,0,0
2,307,0,2,1,2,2,1,1,1,2,1,3,2,0,0
50,307,0,1,1,0,2,1,2,1,1,1,1,4,1,1
3,266,0,1,6,7,1,2,1,1,2,1,1,4,1,1
1,292,0,3,2,6,1,2,1,2,2,1,4,3,1,1
7,266,0,1,1,0,2,1,1,1,2,1,1,4,1,1
1,307,18,1,1,2,2,2,1,1,2,1,2,2,0,0
4,266,0,1,2,7,1,1,1,1,2,1,1,2,0,0
3,266,0,2,1,6,1,2,1,1,2,1,1,1,0,0
8,307,307,2,2,3,1,3,2,3,3,1,1,4,1,1
4,307,218,2,3,7,1,1,1,1,3,1,1,1,0,0
36,307,0,1,2,0,2,3,2,3,1,1,1,4,1,1
2,266,0,2,1,7,1,2,1,2,2,1,1,2,0,0
3,307,0,2,2,7,2,2,1,2,2,1,1,4,1,1
3,299,0,1,1,2,2,2,1,2,2,1,1,4,1,1
1,307,0,1,1,5,2,2,2,1,2,1,1,1,0,0
14,265,283,1,1,2,3,1,2,1,1,1,1,4,1,1
2,266,0,3,1,7,1,3,1,3,3,1,2,1,0,0
1,266,0,2,1,6,2,1,1,1,2,1,1,2,0,0
4,307,24,2,2,0,3,1,2,1,2,1,1,1,0,0
3,307,0,1,2,0,2,2,1,1,2,1,1,1,0,0
3,265,0,1,1,2,2,2,2,1,2,1,1,4,1,1
2,307,0,2,1,2,2,2,1,2,2,1,1,1,0,0
12,307,0,1,2,7,2,2,1,1,2,1,1,0,0,0
2,266,0,1,1,6,2,2,1,2,2,1,1,1,0,0
2,266,0,2,1,2,1,2,1,2,2,1,3,3,1,1
4,292,0,3,1,5,2,2,1,2,2,1,3,1,0,0
1,307,0,1,5,0,2,3,2,3,2,1,1,3,1,1
6,266,0,2,4,7,1,2,2,1,2,1,1,1,0,0
24,205,307,1,1,7,1,3,2,3,3,1,1,3,1,1
3,265,0,3,2,4,2,2,2,2,2,1,3,3,1,1
54,205,0,2,3,0,1,3,2,3,1,1,1,0,0,0
60,20,141,1,1,2,3,3,1,3,1,1,1,3,1,1
0,307,0,2,2,7,2,1,1,1,1,1,1,2,0,0
5,247,0,1,1,2,1,1,1,1,1,1,1,3,1,1
1,307,0,2,1,2,1,2,1,2,2,1,4,4,1,1
2,307,0,2,1,7,2,2,1,1,2,1,1,2,0,0
36,266,0,2,2,5,1,1,1,1,1,1,1,4,1,1
4,307,307,2,1,2,2,1,2,1,2,1,1,3,1,1
108,307,0,2,1,2,2,1,2,1,3,1,1,2,0,1
3,307,307,2,2,7,2,2,2,1,2,1,1,3,1,1
2,266,0,1,2,7,2,3,1,3,3,1,1,2,0,0
4,266,0,2,6,0,2,1,2,1,2,1,1,4,1,1
36,103,307,1,1,0,2,2,1,2,2,1,1,3,1,1
2,307,0,2,5,0,2,2,1,1,2,1,1,4,1,1
5,213,307,1,1,2,2,2,2,1,2,1,1,3,1,1
24,307,0,1,1,2,2,3,2,3,3,1,1,4,1,1
48,307,307,2,2,7,2,3,1,3,1,1,2,4,1,1
24,78,307,2,2,7,3,1,1,1,1,1,1,4,1,1
4,265,266,2,1,4,2,1,2,1,1,1,1,2,0,0
24,205,0,1,6,7,1,1,3,1,1,1,1,2,0,0
2,266,0,3,1,2,2,2,1,2,2,1,3,1,0,0
6,20,179,1,1,7,2,1,3,3,1,1,1,2,0,0
2,307,0,2,2,0,1,2,1,2,2,1,1,4,1,1
48,109,0,1,3,0,3,2,2,2,2,1,1,1,0,0
5,179,0,1,2,0,1,1,2,1,1,1,1,2,0,0
12,307,0,1,5,0,2,3,1,3,3,1,1,4,1,1
1,266,0,1,3,0,2,2,2,2,2,1,1,1,0,0
10,307,0,2,2,7,2,1,1,1,1,1,1,3,1,1
3,307,76,2,1,6,3,1,1,1,1,1,1,2,0,0
3,265,0,2,6,7,2,1,2,1,2,1,1,2,0,0
7,307,0,2,1,2,2,1,1,1,1,1,1,2,0,0
2,266,0,1,4,0,1,1,1,1,2,1,2,1,0,0
8,292,0,2,6,7,2,1,2,1,1,1,1,4,1,1
2,307,0,1,5,0,2,2,2,1,2,1,1,2,0,0
1,307,307,1,2,0,2,2,2,1,2,1,1,1,0,0
1,307,0,1,2,7,2,2,2,2,2,1,1,0,0,0
24,307,307,1,4,0,2,3,3,3,3,1,1,4,1,1
0,265,266,2,3,0,1,2,2,2,2,1,1,2,0,0
8,307,0,1,2,0,2,1,2,1,2,1,1,3,1,1
4,307,307,1,4,0,1,1,1,1,3,1,1,4,1,1
4,285,0,1,2,5,1,1,3,1,2,1,1,3,1,1
1,307,307,3,1,2,2,2,1,1,2,1,3,1,0,0
3,292,0,2,1,6,2,1,2,1,2,1,1,2,0,0
48,78,0,2,2,0,3,1,1,1,1,1,1,3,1,1
3,307,49,1,1,7,2,2,1,2,2,1,1,2,0,0
6,307,0,1,2,0,1,1,1,1,2,1,1,4,1,1
2,266,0,3,3,4,2,2,1,1,2,1,2,2,0,0
6,266,0,2,3,4,1,1,1,1,2,1,1,3,1,1
12,307,307,2,1,2,2,1,1,1,1,1,1,2,0,0
3,266,299,1,1,6,1,1,1,1,2,1,1,2,0,0
14,307,0,2,2,3,2,1,1,1,1,1,1,4,1,1
0,266,0,3,1,2,2,3,1,1,1,1,9,4,1,1
2,307,307,3,1,5,2,2,1,2,2,1,3,4,1,1
31,20,0,1,2,7,2,1,1,1,2,1,1,3,1,1
1,283,0,1,5,0,1,2,1,2,2,1,1,4,1,1
60,285,285,2,5,6,2,1,3,1,2,1,1,3,1,1
4,266,0,1,1,7,2,1,1,1,3,1,1,2,0,0
18,20,20,2,1,2,2,1,1,2,3,1,1,1,0,0
3,266,299,1,1,2,1,3,1,3,3,1,1,2,0,0
1,299,0,1,3,0,3,2,1,2,2,1,1,2,0,0
1,307,0,3,1,7,3,2,1,2,2,1,3,3,1,1
96,195,195,1,2,6,2,1,2,3,3,1,1,0,0,0
1,307,0,2,1,0,2,2,1,1,2,1,1,2,0,0
1,141,128,3,1,2,2,2,1,2,2,1,6,4,1,1
24,307,0,1,2,7,2,2,1,1,1,1,1,4,1,1
60,169,0,1,2,5,1,1,3,1,2,1,1,1,0,0
3,307,0,2,2,7,1,1,1,1,2,1,1,1,0,0
0,266,0,3,1,3,1,3,1,3,3,1,2,4,1,1
2,307,0,1,5,0,2,1,1,1,3,1,2,4,1,1
2,307,0,1,2,0,2,3,2,3,2,1,1,3,1,1
3,266,0,1,2,5,1,2,1,2,2,1,1,1,0,0
4,307,0,2,2,0,2,2,1,1,2,1,1,1,0,0
24,266,0,2,1,7,2,2,1,2,2,1,1,4,1,1
3,307,0,2,1,0,2,1,2,1,2,1,1,3,1,1
6,307,0,1,6,0,2,3,1,3,3,1,1,4,1,1
18,205,0,1,2,3,2,1,2,1,2,1,1,1,0,0
24,266,266,3,1,7,2,3,2,3,3,1,4,4,1,1
15,78,0,2,1,2,3,1,1,1,2,1,1,1,0,0
2,39,307,2,1,7,2,1,3,1,1,1,1,4,1,1
2,307,307,2,1,2,2,2,1,2,2,1,1,1,0,0
9,202,307,2,1,0,3,1,2,1,1,1,1,4,1,1
1,242,0,3,1,2,2,2,3,1,3,1,2,4,1,1
2,307,0,1,2,7,2,1,1,1,2,1,1,2,0,0
12,265,0,2,1,7,2,1,2,1,1,1,1,1,0,0
0,266,265,1,1,0,2,2,1,2,2,1,1,3,1,1
8,265,0,2,6,0,2,2,2,2,2,1,1,4,1,1
2,26,307,1,1,2,3,1,1,1,2,1,1,1,0,0
12,266,0,3,1,2,2,2,2,2,2,1,3,0,0,0
1,307,307,2,1,2,2,2,2,2,2,1,1,2,0,0
24,307,0,2,2,0,2,1,1,1,1,1,1,3,1,1
6,307,307,2,1,2,2,3,1,3,3,1,1,4,1,1
3,307,0,1,2,0,2,2,2,2,2,1,1,1,0,0
5,266,251,1,1,0,2,1,2,1,2,1,1,3,1,1
6,266,0,1,1,0,2,1,1,1,2,1,1,4,1,1
48,213,0,2,2,0,2,2,2,2,2,1,1,4,1,1
7,254,303,2,1,4,2,1,1,1,2,1,1,2,0,0
2,307,0,1,2,0,2,2,1,1,2,1,1,2,0,0
1,307,307,3,1,2,2,2,2,2,2,1,6,1,0,0
2,254,0,2,1,5,2,2,1,1,2,1,1,3,1,1
1,307,307,2,1,2,2,2,2,2,2,1,1,3,1,1
1,307,0,3,1,2,2,2,1,2,2,1,9,4,1,1
2,299,299,2,6,0,1,3,1,3,2,1,1,4,1,1
6,266,0,2,3,7,2,2,1,1,1,1,1,4,1,1
4,266,0,1,1,2,1,2,1,3,2,1,1,0,0,0
12,266,0,3,1,2,2,2,1,2,2,1,5,3,1,1
18,266,0,2,6,0,2,1,1,3,1,1,2,2,0,0
4,266,0,1,7,0,2,2,1,1,1,1,1,1,0,0
3,307,307,1,1,0,2,2,1,2,2,1,1,2,0,0
7,264,266,1,6,7,2,3,2,1,2,1,1,3,1,1
3,266,0,1,1,7,1,1,1,1,1,1,1,3,1,1
2,307,0,2,2,0,1,2,1,2,2,1,1,4,1,1
1,307,141,2,1,2,1,2,1,2,2,1,6,3,1,1
2,265,0,1,1,2,2,2,2,1,2,1,1,3,1,1
7,265,0,2,7,0,2,1,2,1,2,1,1,1,0,0
3,266,0,1,1,6,1,2,1,2,2,1,1,1,0,0
2,307,307,3,2,7,1,2,1,2,2,1,2,4,1,1
3,307,0,2,1,2,2,1,1,1,2,1,1,4,1,1
1,307,307,2,1,4,2,2,1,2,2,1,2,4,1,1
8,266,0,2,1,7,2,2,2,2,2,1,1,4,1,1
2,307,0,2,7,0,2,2,1,2,2,1,1,2,0,0
4,179,179,1,1,0,2,2,2,2,2,1,1,1,0,0
2,307,0,3,1,2,2,1,2,1,2,1,2,2,0,0
2,307,0,1,1,2,2,2,1,1,2,1,1,4,1,1
3,299,0,2,1,6,1,2,1,1,2,1,1,4,1,1
30,265,0,1,7,0,3,1,2,1,1,1,1,1,0,0
5,252,292,2,2,6,2,2,2,1,2,1,1,1,0,0
18,307,0,2,1,7,2,1,1,1,1,1,1,4,1,1
24,266,0,2,1,0,2,2,1,2,1,1,1,4,1,1
1,307,0,2,1,2,2,3,1,3,2,1,1,3,1,1
21,299,0,1,3,7,3,1,1,1,3,1,1,3,1,1
5,307,0,2,2,0,2,1,1,1,1,1,1,4,1,1
18,307,0,2,5,0,2,1,2,1,1,1,1,4,1,1
2,266,266,3,1,4,2,2,2,2,2,1,2,1,0,0
1,307,0,2,2,0,2,2,3,2,2,1,1,1,0,0
3,264,265,1,3,4,1,2,2,1,2,1,1,1,0,0
16,266,0,2,6,7,2,2,1,1,1,1,1,4,1,1
2,266,0,2,1,2,1,1,1,1,2,1,1,2,0,0
4,265,247,3,3,6,2,2,2,2,2,1,5,3,1,1
2,307,0,2,2,0,2,2,1,1,2,1,1,3,1,1
2,307,0,1,1,7,2,3,1,3,3,1,1,3,1,1
1,283,0,1,1,0,2,2,1,2,2,1,1,1,0,0
2,307,307,3,2,0,2,2,2,2,2,1,3,4,1,1
1,266,0,2,2,5,1,2,1,1,3,1,1,0,0,0
18,266,0,2,2,5,2,2,2,2,2,1,1,2,0,0
12,266,0,1,2,6,2,1,1,1,1,1,1,4,1,1
1,307,307,3,1,2,2,2,1,2,2,1,3,1,0,0
2,266,0,1,1,0,1,2,1,1,2,1,1,3,1,1
1,266,0,2,1,7,2,2,1,2,2,1,1,3,1,1
17,205,0,1,2,5,1,2,3,2,2,1,1,0,0,0
16,266,0,1,3,4,3,1,1,1,1,1,1,2,0,0
2,264,0,3,2,3,2,2,3,2,2,1,2,1,0,0
2,237,0,2,2,7,2,1,2,1,2,1,1,2,0,0
3,307,0,2,2,0,3,2,2,2,1,1,1,3,1,1
0,307,0,1,5,0,1,2,1,2,2,1,2,1,0,0
1,265,0,3,4,6,2,2,2,2,2,1,3,2,0,0
2,307,0,2,1,2,2,2,1,1,2,1,1,4,1,1
1,307,0,2,1,2,2,2,1,1,2,1,1,1,0,0
2,307,0,2,1,2,2,3,1,3,2,1,1,2,0,0
2,266,0,1,2,0,1,1,1,1,2,1,1,1,0,0
12,254,0,2,1,4,1,2,1,2,2,1,1,3,1,1
3,152,0,2,1,2,1,2,1,2,2,1,1,1,0,0
2,307,307,3,1,2,2,2,2,2,2,1,4,4,1,1
2,266,0,3,1,4,2,2,1,2,2,1,4,2,0,0
2,307,0,2,5,0,2,2,1,2,2,1,1,2,0,0
48,265,266,2,1,2,2,1,2,1,1,1,2,1,0,0
3,265,0,2,2,3,2,2,2,2,2,1,1,1,0,0
36,179,0,1,2,0,1,1,1,1,1,1,1,2,0,0
1,264,306,2,1,7,2,1,3,1,2,1,1,2,0,0
2,307,0,2,1,2,2,2,1,2,3,1,4,4,1,1
60,266,0,1,6,0,3,3,1,1,1,1,1,2,0,0
2,307,307,1,1,2,2,1,2,1,2,1,1,1,0,0
7,307,0,2,7,0,2,2,1,2,1,1,1,4,1,1
1,128,20,1,2,0,2,3,2,3,3,1,1,1,0,0
24,205,0,1,2,7,1,1,2,2,2,1,1,1,0,0
15,292,266,1,2,5,2,3,1,3,3,1,1,1,0,0
4,206,103,2,1,2,3,1,2,1,2,1,1,1,0,0
1,299,0,3,1,3,2,2,2,2,2,1,4,2,0,0
2,307,0,1,1,2,2,1,1,1,2,1,1,2,0,0
1,266,0,3,4,5,1,2,1,2,3,1,3,3,1,1
2,266,0,2,4,7,1,2,1,1,2,1,2,4,1,1
5,141,307,1,5,0,2,1,1,1,2,1,1,1,0,0
2,224,307,2,1,2,2,2,1,2,2,1,1,3,1,1
3,20,307,2,2,7,2,1,1,1,2,1,1,3,1,1
4,109,218,2,3,5,3,1,2,1,2,1,1,3,1,1
1,307,0,1,7,0,2,2,1,2,2,1,1,1,0,0
48,307,0,1,1,2,2,1,1,1,3,1,1,4,1,1
2,265,0,1,4,0,1,1,1,1,2,1,1,1,0,0
5,265,247,1,1,2,2,2,2,2,2,1,1,2,0,0
2,307,0,2,1,2,2,2,1,2,2,1,1,4,1,1
1,307,0,1,2,7,2,2,2,2,2,1,1,1,0,0
1,266,0,1,3,7,1,2,1,1,2,1,2,1,0,0
29,102,307,1,1,2,2,1,1,1,3,1,1,4,1,1
1,307,0,2,2,5,2,1,2,2,2,1,1,4,1,1
36,195,0,2,6,7,2,1,2,1,1,1,3,4,1,1
2,266,0,2,2,0,2,1,1,1,2,1,1,3,1,1
3,266,0,2,5,6,2,2,1,2,2,1,1,2,0,0
11,266,0,1,2,5,2,1,1,1,1,1,1,4,1,1
2,307,0,2,2,0,1,3,1,3,3,1,1,4,1,1
3,266,285,3,1,2,1,2,2,1,2,1,5,1,0,0
12,307,0,2,7,0,1,1,1,1,1,1,1,2,0,0
2,265,0,2,1,4,1,2,2,1,2,1,1,3,1,1
3,265,0,1,3,0,2,2,2,2,2,1,1,2,0,0
7,266,0,2,1,2,2,1,1,1,1,1,1,2,0,0
9,307,0,1,2,7,2,2,1,2,2,1,1,3,1,1
24,109,0,2,4,0,3,3,2,3,2,1,1,1,0,0
2,299,0,2,1,2,2,2,1,1,2,1,2,2,0,0
1,307,0,1,2,0,2,2,1,2,2,1,1,2,0,0
2,297,0,3,3,6,1,2,2,2,2,1,7,1,0,0
3,266,0,1,5,6,2,1,1,2,2,1,2,1,0,0
2,266,0,1,3,5,2,1,1,1,2,1,1,1,0,0
5,266,0,2,5,0,2,1,1,1,1,1,1,4,1,1
12,266,265,2,1,2,2,2,2,2,1,1,2,4,1,1
48,265,0,2,6,7,2,1,2,1,1,1,1,1,0,0
3,141,307,2,2,0,2,1,1,1,2,1,1,3,1,1
1,218,307,2,5,7,2,2,1,1,2,1,1,3,1,1
2,307,307,2,1,2,2,2,2,2,2,1,1,4,1,1
2,266,0,1,2,4,2,2,2,2,2,1,1,1,0,0
2,307,0,2,7,0,2,1,2,1,1,1,1,1,0,0
12,266,285,3,1,2,2,2,3,2,2,1,4,1,0,0
14,213,201,1,1,3,2,1,2,1,1,1,1,0,0,0
2,307,0,3,1,2,2,2,1,1,2,1,3,2,0,0
1,265,0,2,1,7,2,2,2,2,2,1,1,3,1,1
6,285,303,2,1,2,1,2,2,2,2,1,1,1,0,0
4,307,307,2,2,7,2,1,1,1,2,1,1,3,1,1
36,205,0,2,7,0,1,1,3,1,2,1,1,1,0,0
1,266,0,1,2,3,2,2,1,2,2,1,1,1,0,0
1,266,0,1,1,7,2,2,1,1,2,1,1,3,1,1
5,307,0,2,1,0,2,1,2,1,1,1,1,4,1,1
36,307,0,1,3,0,2,1,2,1,2,1,1,4,1,1
2,266,0,1,1,2,1,2,1,2,2,1,1,2,0,0
12,266,0,2,1,2,2,1,1,1,1,1,1,4,1,1
24,307,307,2,1,2,2,1,1,1,1,1,2,4,1,1
10,307,307,2,7,0,2,2,2,3,3,1,1,4,1,1
1,307,0,2,1,2,1,2,1,2,2,1,1,2,0,0
1,265,0,2,1,4,1,2,2,1,2,1,1,1,0,0
2,265,0,3,2,5,1,2,2,1,2,1,3,2,0,0
3,264,0,2,2,6,1,2,3,1,2,1,1,3,1,1
24,265,0,2,1,2,2,1,2,1,1,1,1,1,0,0
4,205,0,2,1,2,1,1,2,1,2,1,1,1,0,0
6,289,0,1,6,0,2,3,1,3,2,1,1,2,0,0
3,307,307,1,1,2,2,1,2,1,2,1,1,2,0,0
1,307,0,2,1,4,2,2,1,2,2,1,1,4,1,1
2,266,0,3,1,4,1,2,1,1,2,1,6,2,0,0
3,307,0,2,2,0,2,1,1,1,1,1,1,4,1,1
3,266,0,1,2,7,2,2,1,2,2,1,1,1,0,0
5,307,0,1,2,5,2,1,1,1,2,1,1,2,0,0
5,307,117,2,1,2,2,1,2,1,1,1,1,4,1,1
1,266,0,2,7,0,1,3,1,3,3,1,1,1,0,0
5,265,0,1,1,0,2,1,2,1,1,1,1,4,1,1
1,266,0,2,1,3,2,3,2,3,3,1,1,0,0,0
4,266,0,1,4,7,2,2,1,2,2,1,2,4,1,1
23,179,205,2,5,0,2,1,2,1,2,1,1,0,0,0
1,265,0,2,1,7,2,2,2,1,2,1,1,1,0,0
11,307,0,1,2,7,2,1,2,1,1,1,1,4,1,1
12,141,307,1,2,7,2,3,1,3,3,1,1,4,1,1
72,266,0,2,1,0,2,1,2,1,1,1,2,3,1,1
5,233,307,2,3,5,2,1,1,1,2,1,1,3,1,1
1,307,0,1,1,0,2,2,1,2,2,1,1,2,0,0
1,307,0,1,1,2,2,2,1,2,2,1,1,2,0,0
12,307,213,3,1,2,2,1,2,1,3,1,3,4,1,1
9,266,0,1,1,7,2,1,1,1,2,1,1,4,1,1
3,265,0,1,1,0,1,2,2,2,2,1,1,2,0,0
4,266,0,1,1,6,2,1,2,1,2,1,1,1,0,0
42,205,0,1,1,6,1,3,3,3,2,1,1,4,1,1
36,307,0,1,3,0,2,3,2,3,2,1,1,4,1,1
12,266,0,2,2,5,2,1,1,1,2,1,1,1,0,0
1,307,0,2,2,5,2,3,1,1,3,1,5,1,0,0
16,307,0,3,2,4,2,3,1,3,3,1,5,4,1,1
10,213,0,1,7,0,1,1,2,1,2,1,1,4,1,1
2,266,0,2,1,2,2,2,1,2,2,1,1,2,0,0
2,307,0,1,1,0,2,2,1,2,2,1,1,3,1,1
24,299,266,1,1,2,2,3,1,3,1,1,1,4,1,1
2,266,0,1,2,4,2,2,2,2,2,1,1,1,0,0
2,292,0,2,2,7,1,3,1,3,3,1,1,4,1,1
6,266,265,3,1,4,1,3,1,3,3,1,5,4,1,1
1,265,0,1,3,4,3,2,2,2,2,1,1,1,0,0
3,266,0,2,2,6,1,3,1,1,3,1,1,2,0,0
2,266,0,1,2,6,2,2,2,2,2,1,2,1,0,0
2,292,292,3,1,2,2,2,2,2,2,1,4,1,0,0
11,307,0,1,5,0,2,1,1,1,1,1,1,4,1,1
2,307,0,2,2,5,2,2,1,2,2,1,1,1,0,0
1,266,0,1,1,2,2,2,1,2,2,1,5,2,0,0
3,266,0,1,5,7,1,1,1,1,2,1,1,1,0,0
12,266,0,2,1,7,2,1,1,1,1,1,1,0,0,0
3,307,0,1,2,3,2,2,2,1,2,1,1,2,0,0
3,307,0,2,5,0,2,2,2,2,2,1,1,4,1,1
1,307,307,2,1,2,2,2,2,1,2,1,1,2,0,0
18,233,0,1,1,0,2,1,1,1,1,1,1,1,0,0
2,265,265,2,7,0,2,1,2,1,2,1,1,2,0,0
5,266,0,1,3,4,2,2,1,3,2,1,3,2,0,0
2,307,0,2,2,7,2,2,1,2,2,1,1,1,0,0
2,218,307,2,1,2,2,1,2,3,2,1,1,3,1,1
11,266,296,2,2,7,2,1,1,1,2,1,1,1,0,0
36,218,179,1,1,5,2,1,2,1,1,1,1,3,1,1
12,266,0,2,1,2,3,2,1,2,2,1,1,3,1,1
1,307,0,3,7,0,2,2,1,2,2,1,5,1,0,0
15,307,0,1,1,0,3,1,2,1,1,1,1,2,0,0
2,307,0,3,1,5,2,2,1,3,2,1,8,2,0,0
48,285,276,3,1,5,2,1,3,1,1,1,2,2,0,0
2,141,307,2,1,3,3,1,2,1,2,1,1,3,1,1
24,307,128,2,2,7,2,1,2,1,1,1,1,4,1,1
5,299,0,2,1,6,2,2,1,1,2,1,3,3,1,1
1,266,0,3,1,2,1,2,2,1,2,1,4,4,1,1
5,307,0,2,2,7,2,1,1,1,1,1,1,4,1,1
2,264,265,1,4,5,1,2,2,2,2,1,2,4,1,1
4,307,0,3,2,0,2,1,2,1,1,1,3,4,1,1
12,307,0,2,2,7,2,1,2,1,1,1,1,4,1,1
60,189,0,1,1,0,3,1,1,1,2,1,1,1,0,0
1,307,0,3,1,2,3,2,2,1,2,1,9,2,0,1
1,266,0,3,1,4,2,2,1,2,2,1,5,1,0,0
1,265,0,2,2,3,2,2,2,2,2,1,1,2,0,0
2,307,0,2,2,0,2,1,1,1,2,1,1,3,1,1
2,265,265,3,6,7,1,2,2,2,2,1,4,2,0,0
2,266,0,3,1,2,2,2,1,2,2,1,5,4,1,1
2,307,0,3,7,0,2,2,1,2,2,1,2,2,0,0
2,266,292,2,5,7,2,2,1,1,2,1,1,2,0,0
6,264,265,3,1,6,2,2,2,2,2,1,3,2,0,0
2,307,218,2,2,7,2,1,2,1,2,1,1,1,0,0
12,307,0,2,7,0,2,3,1,1,3,1,1,1,0,0
7,266,0,1,1,7,2,1,1,1,3,1,1,1,0,0
1,307,0,2,7,0,2,2,2,2,2,1,1,4,1,1
72,179,218,2,6,0,2,1,2,1,1,1,1,4,1,1
2,292,0,1,2,5,2,2,1,1,2,1,1,2,0,0
12,265,299,1,1,0,2,1,2,1,1,1,1,3,1,1
18,265,0,2,1,3,2,1,2,2,2,1,1,4,1,1
1,307,307,1,1,2,2,1,2,1,2,1,1,1,0,0
3,307,0,2,5,0,2,1,1,1,1,1,1,3,1,1
4,266,266,2,1,7,1,1,1,1,2,1,2,4,1,1
2,307,0,2,2,0,2,2,1,2,2,1,1,1,0,0
1,265,265,1,4,5,2,2,2,1,2,1,2,3,1,1
2,292,266,3,5,0,2,2,1,1,2,1,2,1,0,0
24,307,0,2,1,0,2,1,1,1,1,1,2,4,1,1
5,307,0,1,2,0,2,1,1,1,1,1,1,2,0,0
54,307,0,2,1,0,2,1,2,2,2,1,1,3,1,1
9,266,266,1,3,0,2,2,2,1,1,1,1,2,0,0
24,307,0,1,1,4,2,1,2,1,1,1,1,4,1,1
4,307,0,1,7,0,2,1,2,1,2,1,1,4,1,1
1,266,0,2,1,2,2,2,2,2,2,1,1,2,0,0
4,307,0,2,1,0,2,1,2,1,2,1,1,3,1,1
2,307,0,1,2,5,2,1,2,1,2,1,1,2,0,0
2,292,266,2,2,7,2,2,2,2,2,1,1,1,0,0
3,266,0,2,1,3,1,3,1,3,3,1,1,4,1,1
2,251,266,2,1,2,2,2,1,1,2,1,1,2,0,0
0,265,0,3,1,2,1,2,2,2,2,1,3,1,0,0
3,307,0,2,5,7,1,2,2,2,2,1,1,3,1,1
2,266,0,2,1,7,2,2,2,2,2,1,1,1,0,0
2,307,307,2,1,4,1,1,1,1,3,1,1,2,0,0
9,114,307,2,1,2,2,1,1,1,1,1,1,2,0,0
1,265,0,3,1,5,2,2,2,2,2,1,3,2,0,0
2,307,307,1,2,7,2,2,2,2,2,1,1,2,0,0
3,265,266,1,6,7,2,1,2,1,3,1,1,3,1,1
1,266,0,2,4,7,2,2,1,2,2,1,1,3,1,1
1,266,0,2,6,7,2,2,2,2,2,1,1,3,1,1
11,307,0,2,2,7,2,1,1,3,1,1,1,4,1,1
24,266,266,3,1,7,3,1,2,1,1,1,2,2,0,0
2,307,0,1,1,2,2,1,1,1,2,1,1,2,0,0
1,307,0,2,2,7,2,2,1,2,2,1,1,3,1,1
2,307,0,2,1,7,2,1,1,1,2,1,1,2,0,0
2,265,0,3,1,2,2,2,2,2,2,1,3,2,0,0
4,307,0,2,2,0,2,1,2,1,2,1,1,1,0,0
6,265,0,1,1,7,2,3,2,3,3,1,1,1,0,0
5,266,0,2,1,2,1,2,1,2,2,1,1,3,1,1
3,265,292,1,5,7,1,2,2,2,1,1,1,4,1,1
10,265,0,1,7,0,2,3,2,3,2,1,1,2,0,0
1,307,0,2,1,0,2,2,1,1,2,1,1,1,0,0
2,266,0,1,3,7,2,2,1,2,2,1,1,2,0,0
3,307,0,2,2,7,2,1,1,1,1,1,1,3,1,1
3,283,283,3,1,7,1,2,2,1,2,1,2,1,0,0
7,307,0,1,1,2,3,1,1,1,1,1,1,4,1,1
12,307,0,2,5,0,1,1,1,2,2,1,1,4,1,1
30,307,0,2,1,5,2,1,2,1,1,1,1,2,0,0
75,189,307,2,1,0,2,1,1,1,1,1,1,3,1,1
12,264,0,2,1,6,2,3,3,3,3,1,1,1,0,0
18,266,0,1,3,7,1,1,1,1,3,1,1,2,0,0
60,189,0,1,1,0,3,1,1,1,2,1,1,3,1,1
24,179,0,1,7,0,1,3,2,3,3,1,1,3,1,1
12,128,0,1,7,0,1,1,1,1,1,1,1,1,0,0
36,204,0,1,1,0,2,1,2,1,1,1,1,3,1,1
14,266,0,1,3,0,2,1,1,1,1,1,1,3,1,1
2,299,266,1,1,7,2,1,1,1,2,1,1,1,0,0
2,307,0,2,1,0,1,2,1,1,3,1,1,1,0,0
3,265,0,2,6,0,2,2,2,2,2,1,1,2,0,0
12,266,0,1,1,2,3,1,1,1,2,1,1,4,1,1
1,307,0,1,2,0,2,2,1,2,2,1,1,3,1,1
0,307,0,3,1,2,3,3,1,3,3,1,9,1,0,0
11,266,0,1,5,0,2,1,1,1,1,1,1,4,1,1
1,307,307,2,1,2,2,2,2,1,2,1,1,3,1,1
2,141,307,1,2,7,2,2,2,2,2,1,1,2,0,0
5,307,307,2,2,7,3,1,1,1,1,1,1,4,1,1
24,266,0,1,4,7,2,2,1,1,1,1,1,3,1,1
12,307,0,1,2,7,2,3,2,3,3,1,1,3,1,1
7,307,0,2,4,7,2,1,1,1,1,1,1,4,1,1
4,266,0,1,3,4,1,3,1,3,3,1,1,1,0,0
24,307,0,2,2,0,2,2,1,2,1,1,1,4,1,1
12,266,0,2,2,0,2,3,1,3,1,1,1,4,1,1
12,307,0,1,1,7,3,1,1,1,2,1,1,2,0,0
7,266,0,1,4,7,2,1,1,1,1,1,1,3,1,1
3,266,0,1,1,7,1,2,1,1,2,1,1,2,0,0
1,266,0,1,4,7,2,2,1,2,2,1,1,2,0,0
2,299,252,2,1,7,2,2,2,1,2,1,1,2,0,0
4,266,0,2,1,0,2,2,1,2,2,1,1,2,0,0
15,179,0,1,7,0,2,1,2,1,1,1,1,1,0,0
2,266,0,2,1,7,1,2,1,2,2,1,1,4,1,1
2,266,0,2,3,0,2,2,1,1,1,1,1,3,1,1
7,256,0,2,6,0,2,3,1,3,3,1,1,2,0,0
7,307,218,2,1,7,2,1,2,1,1,1,1,3,1,1
2,307,307,2,2,0,2,1,1,1,2,1,1,3,1,1
6,266,0,1,7,0,1,1,1,1,2,1,1,2,0,0
96,119,0,2,2,0,3,1,2,1,1,1,1,4,1,1
2,266,266,2,3,4,2,2,2,2,2,1,1,1,0,0
3,266,266,2,1,6,2,2,1,1,2,1,1,3,1,1
9,307,0,2,7,0,2,1,1,1,1,1,1,3,1,1
1,307,0,1,1,2,2,1,1,1,2,1,1,3,1,1
2,285,265,1,3,0,2,2,2,2,2,1,1,1,0,0
5,265,0,1,4,7,2,2,2,2,2,1,1,1,0,0
2,307,0,2,2,5,2,2,2,1,2,1,1,3,1,1
6,265,0,1,5,0,2,3,2,3,2,1,1,0,0,0
24,218,58,1,1,2,2,1,3,1,1,1,2,4,1,1
4,202,307,1,1,2,3,2,2,1,2,1,1,2,0,0
8,266,265,2,1,3,2,2,1,1,2,1,9,1,0,0
8,266,0,1,6,0,2,2,1,2,2,1,1,4,1,1
5,265,0,2,2,7,1,1,2,1,1,1,1,1,0,0
72,213,0,2,7,0,2,1,2,1,2,1,1,2,0,0
17,16,307,2,1,2,2,1,2,1,3,1,1,4,1,1
1,266,266,1,1,7,2,2,1,2,2,1,1,2,0,0
6,266,0,1,4,7,2,2,1,2,2,1,1,3,1,1
2,292,0,1,2,0,2,2,2,1,2,1,1,1,0,0
1,307,0,2,1,2,2,2,2,2,2,1,1,2,0,0
2,307,0,2,2,0,2,1,2,1,2,1,1,3,1,1
3,266,0,2,1,3,1,2,1,2,2,1,1,1,0,0
6,266,0,1,1,5,2,2,1,1,2,1,1,4,1,1
3,266,0,2,3,0,1,2,1,2,2,1,2,2,0,0
1,307,307,1,2,0,2,2,1,2,2,1,1,1,0,0
84,152,205,1,1,2,1,1,1,1,2,1,2,2,0,0
2,266,0,1,1,6,2,2,1,2,2,1,1,4,1,1
20,307,0,2,3,5,2,1,2,1,1,1,1,4,1,1
5,307,0,2,1,2,2,1,2,1,2,1,1,0,0,0
36,147,0,2,7,0,1,3,1,3,3,1,1,0,0,0
1,307,0,1,1,2,2,2,1,2,2,1,1,2,0,0
2,307,0,2,5,0,2,2,1,2,2,1,1,3,1,1
6,265,266,2,1,7,1,1,1,1,2,1,1,4,1,1
2,292,266,3,7,0,1,2,1,2,2,1,2,2,0,0
2,307,0,2,1,7,2,1,1,1,2,1,1,3,1,1
2,307,0,1,1,2,2,1,1,1,2,1,1,2,0,0
5,109,307,2,5,7,2,1,2,1,2,1,1,3,1,1
3,265,0,1,3,0,2,2,2,2,2,1,4,2,0,0
10,266,0,2,1,0,2,2,1,2,2,1,1,4,1,1
5,266,0,1,3,0,2,2,1,2,2,1,1,2,0,0
1,307,307,3,1,2,2,2,2,1,2,1,5,4,1,1
2,307,307,2,4,0,2,2,1,1,2,1,2,4,1,1
72,109,0,1,3,0,3,1,3,1,2,1,1,3,1,1
2,307,307,2,2,3,3,2,1,2,1,1,1,1,0,0
18,179,0,2,2,0,1,3,3,1,3,1,1,2,0,0
3,265,0,1,4,5,2,2,2,2,2,1,1,1,0,0
2,266,266,3,1,6,2,2,2,2,2,1,5,2,0,0
96,109,0,2,3,0,3,1,2,1,1,1,1,1,0,0
2,266,0,2,1,0,2,2,1,2,2,1,1,1,0,0
13,299,0,1,4,7,2,2,1,2,1,1,1,4,1,1
1,307,0,1,1,0,2,2,2,1,2,1,1,2,0,0
2,103,307,1,1,2,2,3,1,3,2,1,1,3,1,1
1,307,307,3,1,2,2,2,1,2,2,1,8,2,0,0
24,189,0,1,1,2,3,3,1,3,3,1,1,1,0,0
24,307,0,2,1,2,1,1,2,1,1,1,1,3,1,1
5,266,0,1,4,5,2,3,1,3,3,1,2,4,1,1
18,307,218,1,2,7,2,1,2,1,1,1,1,3,1,1
1,307,0,2,5,0,1,2,1,2,2,1,1,2,0,0
1,265,0,3,1,4,1,3,2,3,2,1,4,4,1,1
1,266,0,1,1,7,2,2,1,1,2,1,1,3,1,1
3,307,0,1,2,5,2,2,2,1,2,1,1,4,1,1
2,266,0,2,5,7,1,3,1,1,3,1,1,1,0,0
3,266,266,1,1,0,2,2,1,2,2,1,1,4,1,1
24,307,0,1,2,7,2,3,1,3,3,1,1,4,1,1
3,307,0,1,2,7,3,1,1,1,2,1,1,4,1,1
3,292,271,2,5,0,1,2,1,1,2,1,1,2,0,0
3,218,307,1,2,7,2,2,1,1,2,1,1,2,0,0
3,307,0,2,1,2,2,2,1,2,2,1,1,3,1,1
4,266,0,1,1,3,1,2,1,1,2,1,2,2,0,0
4,266,0,1,1,7,2,1,1,1,1,1,1,4,1,1
24,264,0,2,1,7,2,1,3,1,2,1,1,1,0,0
12,266,0,2,7,0,1,3,1,3,3,1,1,2,0,0
1,307,0,1,1,7,2,2,2,2,2,1,1,3,1,1
3,264,0,2,1,4,2,1,2,1,2,1,1,3,1,1
51,285,276,2,2,6,2,1,3,1,1,1,1,1,0,0
12,307,0,3,2,0,2,3,2,3,3,1,4,4,1,1
3,266,0,1,1,7,1,1,1,1,2,1,1,4,1,1
2,76,141,2,1,7,2,3,1,3,3,1,2,4,1,1
1,266,299,1,3,0,1,2,1,1,2,1,1,1,0,0
15,299,0,1,4,7,2,1,1,1,2,1,1,4,1,1
3,307,0,1,1,0,2,2,1,2,2,1,1,3,1,1
3,266,0,2,2,5,1,2,1,2,2,1,1,3,1,1
18,249,266,3,1,6,1,2,1,2,2,1,2,4,1,1
1,307,0,1,7,0,2,2,2,1,2,1,1,1,0,0
2,265,0,3,3,4,1,2,2,2,2,1,3,2,0,0
4,266,0,2,1,2,1,2,2,1,2,1,1,2,0,0
4,266,0,1,7,0,2,3,1,3,2,1,1,2,0,0
14,7,0,1,2,0,2,1,1,1,3,1,1,4,1,1
24,299,0,2,1,6,1,1,1,1,1,1,1,3,1,1
24,264,0,1,1,0,2,2,3,2,1,1,1,4,1,1
2,307,187,1,5,7,3,1,1,1,2,1,2,1,0,0
48,205,0,1,1,2,1,2,3,2,2,1,1,3,1,1
84,49,0,2,7,0,2,3,1,3,3,1,1,4,1,1
2,307,0,2,2,0,2,1,2,1,2,1,2,2,0,0
2,307,307,2,2,7,2,1,2,1,2,1,1,1,0,0
2,299,0,2,6,0,2,2,2,2,2,1,1,1,0,0
1,307,0,1,1,2,2,2,1,2,2,1,1,3,1,1
3,307,0,2,1,0,2,2,1,1,2,1,1,4,1,1
96,178,218,2,7,0,2,1,1,1,1,1,2,4,1,1
2,266,266,3,2,3,2,2,1,2,2,1,3,3,1,1
3,307,0,2,1,2,3,3,1,3,2,1,2,3,1,1
2,307,307,2,5,0,2,2,2,1,2,1,1,3,1,1
1,128,0,2,2,0,2,2,1,2,2,1,1,1,0,0
2,254,0,2,1,2,2,2,2,2,2,1,1,2,0,0
96,165,0,1,1,3,2,1,3,1,1,1,1,3,1,1
12,20,213,1,1,2,2,1,1,1,1,1,1,4,1,1
1,307,307,1,2,7,2,2,1,2,2,1,2,1,0,0
1,299,0,2,1,7,1,2,1,2,2,1,1,1,0,0
9,279,0,2,1,0,2,1,3,1,2,1,1,4,1,1
1,218,307,2,1,5,2,1,2,1,2,1,1,3,1,1
4,307,307,2,1,2,2,1,2,1,2,1,2,2,0,0
7,307,96,2,2,0,2,1,2,1,2,1,1,4,1,1
2,299,266,1,2,3,2,2,1,1,2,1,2,2,0,0
2,254,265,2,2,4,2,1,2,1,2,1,1,1,0,0
2,307,0,2,5,0,2,2,1,2,2,1,1,1,0,0
2,307,0,1,1,7,1,2,1,2,2,1,1,2,0,0
3,307,0,2,2,0,2,1,1,1,2,1,1,3,1,1
3,265,265,2,6,7,1,2,2,2,2,1,1,2,0,0
18,266,0,2,6,7,1,2,1,1,1,1,4,3,1,1
2,266,0,2,7,0,1,2,1,2,2,1,1,2,0,0
9,285,264,1,1,7,3,2,3,2,2,1,1,4,1,1
24,179,0,2,5,0,1,1,2,1,1,1,1,1,0,0
12,179,0,1,5,0,1,3,2,3,2,1,1,2,0,0
12,307,0,2,2,0,2,1,2,1,1,1,1,1,0,0
36,307,0,2,6,0,2,1,1,1,1,1,1,4,1,1
2,307,0,2,1,2,2,3,1,3,2,1,1,2,0,0
48,179,0,1,7,0,2,1,2,3,2,1,1,2,0,0
24,265,0,2,7,0,2,3,2,3,3,1,1,3,1,1
2,307,0,2,7,0,2,2,1,2,2,1,1,2,0,0
4,254,0,2,1,3,2,1,1,1,2,1,1,3,1,1
12,218,307,1,6,7,2,1,1,1,1,1,1,4,1,1
3,266,0,2,6,7,1,2,1,1,2,1,1,4,1,1
24,179,205,2,1,7,1,3,2,1,2,1,1,3,1,1
72,69,0,1,2,3,2,3,3,3,2,1,1,2,0,0
2,307,0,1,1,0,1,1,1,1,1,1,1,4,1,1
95,214,0,2,2,0,3,1,1,1,1,1,1,4,1,1
2,307,0,2,5,7,2,1,1,1,2,1,1,1,0,0
1,307,0,2,3,5,2,3,2,3,3,1,1,4,1,1
1,307,0,1,1,7,2,2,1,2,2,1,1,3,1,1
3,307,307,2,1,2,2,1,2,1,2,1,1,2,0,0
2,266,0,1,2,3,2,1,1,1,2,1,1,2,0,0
1,306,0,1,1,7,2,3,2,3,3,1,1,3,1,1
2,103,0,2,1,2,2,1,2,1,2,1,1,2,0,0
24,265,0,2,1,3,2,1,2,1,1,1,1,4,1,1
1,307,218,1,1,2,2,2,2,2,2,1,1,2,0,0
17,265,276,1,7,0,2,1,2,1,2,1,1,1,0,0
4,307,307,3,2,4,2,2,2,2,2,1,4,4,1,1
4,266,0,1,4,7,1,2,1,1,2,1,1,3,1,1
30,266,0,2,3,0,2,1,1,1,1,1,1,1,0,0
2,307,0,3,1,7,2,2,1,2,2,1,4,4,1,1
20,307,128,2,2,6,2,1,1,1,1,1,2,4,1,1
6,307,0,2,1,0,2,3,1,3,3,1,1,4,1,1
2,266,0,2,1,3,2,2,1,2,2,1,1,3,1,1
2,243,0,1,3,0,3,1,2,1,2,1,1,2,0,0
2,307,307,2,1,2,2,2,2,2,2,1,3,3,1,1
7,250,252,1,1,2,2,1,1,1,2,1,4,4,1,1
2,306,266,2,1,7,2,2,1,1,2,1,2,1,0,0
3,266,0,1,4,0,1,2,1,1,2,1,1,1,0,0
16,299,0,1,1,7,2,2,1,2,2,1,9,4,1,1
4,266,0,3,1,5,2,2,1,2,2,1,2,1,0,0
9,266,251,1,6,0,2,2,1,2,2,1,1,4,1,1
12,266,0,1,1,2,1,3,1,3,3,1,1,4,1,1
2,266,0,2,6,7,2,2,1,1,2,1,1,3,1,1
3,265,0,2,1,6,2,2,2,2,2,1,1,4,1,1
1,299,266,3,3,5,2,2,1,2,2,1,2,1,0,0
2,307,307,2,3,0,2,2,2,1,2,1,1,2,0,0
9,266,299,1,3,0,2,2,1,2,2,1,1,1,0,0
1,307,307,1,1,7,2,2,2,1,2,1,1,1,0,0
3,307,0,1,1,7,1,1,1,1,2,1,1,1,0,0
2,299,0,3,1,2,1,1,1,1,2,1,2,3,1,1
7,307,0,2,1,3,2,3,1,3,1,1,1,1,0,0
12,266,0,2,7,0,1,3,1,3,3,1,1,1,0,0
3,307,0,3,2,3,2,2,1,1,2,1,7,3,1,1
36,307,0,2,2,5,3,2,1,2,1,1,1,4,1,1
36,179,307,2,5,0,1,1,1,1,1,1,1,2,0,0
2,266,0,2,1,2,2,3,1,3,2,1,1,3,1,1
36,307,0,2,2,5,3,2,2,2,1,1,1,3,1,1
8,307,0,2,2,5,2,1,1,1,1,1,1,3,1,1
13,285,265,2,1,6,2,1,2,1,2,1,1,1,0,0
2,307,0,1,5,7,2,2,1,1,2,1,1,1,0,0
2,307,103,2,1,2,3,1,2,1,2,1,1,1,0,0
3,266,0,1,1,0,2,1,1,1,2,1,1,1,0,0
1,307,0,3,1,7,2,2,2,2,2,1,7,4,1,1
8,265,0,3,2,5,3,1,2,1,2,1,2,1,0,0
3,307,103,1,1,7,2,1,2,1,2,1,1,2,0,0
12,265,0,1,1,0,2,2,2,2,2,1,1,3,1,1
49,307,207,2,2,3,2,1,2,1,1,1,1,4,1,1
1,266,0,1,1,7,2,3,1,3,3,1,1,3,1,1
4,252,0,1,1,0,1,2,2,1,1,1,1,3,1,1
3,25,0,3,1,3,2,2,1,2,2,1,2,4,1,1
63,189,307,2,1,2,3,3,1,1,1,1,1,4,1,1
2,247,292,2,1,4,1,2,2,1,2,1,1,1,0,0
1,307,0,2,1,7,2,2,2,2,2,1,1,1,0,0
1,266,0,3,1,6,2,2,1,1,2,1,5,2,0,0
1,266,0,2,1,2,1,2,1,2,2,1,1,2,0,0
8,266,0,3,1,2,2,2,1,2,2,1,3,4,1,1
3,307,0,2,2,0,2,1,1,1,2,1,1,3,1,1
3,266,0,1,1,2,1,2,1,1,2,1,1,1,0,0
2,307,0,2,2,0,2,2,2,2,2,1,1,1,0,0
2,299,266,3,1,3,2,2,1,2,2,1,2,1,0,0
3,307,0,2,1,4,1,2,1,3,3,1,3,3,1,1
12,265,265,2,1,2,2,3,2,3,3,1,1,4,1,1
60,109,0,1,5,0,2,1,2,1,2,1,1,1,0,0
2,307,0,3,1,2,2,2,1,2,2,1,6,4,1,1
1,307,307,3,3,4,2,2,1,2,2,1,6,1,0,0
7,251,0,1,4,7,3,1,2,1,1,1,1,3,1,1
2,307,307,1,2,7,2,2,2,1,2,1,1,3,1,1
3,307,0,2,2,3,2,2,2,1,2,1,1,4,1,1
78,252,0,1,2,0,2,1,3,1,1,1,1,2,0,0
1,283,0,1,1,6,2,2,1,2,2,1,1,1,0,0
7,307,218,1,1,7,1,1,2,1,2,1,1,2,0,0
6,266,0,2,6,7,2,2,1,2,2,1,1,1,0,0
108,307,307,3,2,7,3,1,1,1,1,1,2,4,1,1
2,265,0,1,1,5,3,1,2,1,1,1,1,4,1,1
84,234,0,2,7,0,2,3,2,3,3,1,1,3,1,1
2,307,0,2,4,7,2,2,1,2,2,1,1,4,1,1
1,141,307,1,2,0,2,3,1,3,2,1,1,3,1,1
1,307,0,1,2,0,2,2,1,2,2,1,1,1,0,0
3,307,0,3,2,3,2,1,1,1,2,1,3,4,1,1
1,266,0,3,1,4,1,2,1,2,2,1,3,1,0,0
2,32,307,1,1,2,2,1,1,1,2,1,1,2,0,0
1,266,306,1,1,6,2,2,1,1,2,1,1,2,0,0
8,307,0,2,7,0,2,1,2,1,2,1,1,3,1,1
12,307,0,2,5,0,2,2,1,1,1,1,1,2,0,0
3,141,307,2,1,0,2,1,1,1,1,1,1,2,0,0
18,307,0,2,2,7,1,1,1,1,2,1,1,4,1,1
2,266,0,2,1,7,1,2,1,1,2,1,1,1,0,0
2,307,307,1,2,0,2,2,2,1,2,1,1,2,0,0
3,266,266,1,1,6,2,1,1,1,2,1,1,4,1,1
6,266,0,2,1,7,2,1,1,1,1,1,1,4,1,1
12,307,0,2,2,5,2,1,1,1,1,1,1,4,1,1
1,266,0,1,1,6,1,2,1,2,2,1,1,1,0,0
1,266,0,3,1,0,1,2,1,1,1,1,5,4,1,1
12,307,307,1,1,4,2,2,1,1,2,1,1,2,0,0
1,276,264,3,1,5,1,2,3,2,2,1,3,4,1,1
5,307,0,2,1,2,2,2,1,2,2,1,1,4,1,1
2,307,0,2,2,0,2,3,2,3,3,1,1,4,1,1
12,307,0,2,2,7,2,3,1,3,1,1,1,4,1,1
2,307,0,2,5,0,2,2,2,2,2,1,1,3,1,1
1,266,0,1,7,0,2,2,2,1,2,1,1,2,0,0
2,307,0,2,5,7,2,2,1,1,2,1,1,2,0,0
3,264,0,2,1,2,2,2,3,2,2,1,1,2,0,0
1,266,0,2,6,0,1,2,2,2,3,1,1,2,0,0
1,266,0,2,1,7,2,1,1,1,2,1,1,2,0,0
2,307,0,3,1,2,2,2,2,2,2,1,5,4,1,1
18,205,0,2,1,2,1,1,1,1,2,1,2,2,0,0
7,292,0,2,2,4,2,2,2,2,2,1,1,2,0,0
3,307,0,1,7,0,2,2,1,2,2,1,1,4,1,1
6,307,0,1,1,2,2,1,1,1,1,1,1,3,1,1
4,265,0,1,6,0,2,2,2,2,2,1,1,4,1,1
3,307,0,2,2,7,2,3,1,1,2,1,1,3,1,1
15,109,0,1,2,3,3,1,2,1,3,1,1,4,1,1
1,265,0,1,1,7,3,2,2,2,2,1,1,4,1,1
4,307,0,1,2,3,2,1,1,1,2,1,1,4,1,1
84,58,0,1,2,3,2,1,3,1,1,1,1,4,1,1
60,82,0,2,2,7,2,3,1,1,2,1,1,3,1,1
11,266,0,1,3,7,2,2,1,2,2,1,1,4,1,1
2,307,0,2,1,2,2,1,2,1,2,1,1,2,0,0
2,266,0,1,4,7,1,2,1,1,2,1,1,3,1,1
1,264,0,1,3,0,1,2,3,2,2,1,1,1,0,0
8,307,307,1,1,7,2,1,1,1,2,1,1,2,0,0
6,266,0,2,1,3,1,3,2,3,3,1,1,4,1,1
5,271,248,2,1,6,2,3,2,3,3,1,1,1,0,0
72,141,0,1,5,0,3,1,2,1,2,1,1,0,0,0
12,243,292,1,6,7,2,2,1,1,2,1,1,0,0,0
5,307,0,1,1,2,2,1,1,1,2,1,1,2,0,0
1,307,0,1,7,0,2,3,1,3,3,1,1,1,0,0
2,213,307,1,2,3,2,2,2,2,2,1,1,3,1,1
0,266,277,3,1,3,2,2,1,2,2,1,4,3,1,1
3,78,307,2,1,2,2,1,2,1,2,1,1,3,1,1
14,307,0,1,2,0,3,1,2,1,1,1,1,0,0,0
3,141,192,2,2,7,3,1,1,1,2,1,1,3,1,1
2,266,0,1,2,0,2,1,2,1,2,1,1,1,0,0
18,266,0,3,1,7,2,1,1,1,2,1,4,4,1,1
12,285,0,2,1,2,1,1,2,1,1,1,1,1,0,0
1,307,0,3,1,2,2,2,2,2,2,1,6,1,0,0
12,141,307,2,3,4,2,3,2,3,3,1,1,2,0,0
1,141,307,2,5,0,3,3,1,3,2,1,1,3,1,1
6,292,266,2,1,2,1,1,1,1,1,1,1,3,1,1
3,307,0,1,5,0,2,1,1,1,2,1,1,3,1,1
9,307,102,2,1,0,1,1,1,1,1,1,1,2,0,0
24,213,307,2,1,2,2,2,2,2,1,1,1,4,1,1
1,266,0,2,1,4,1,2,1,2,2,1,1,4,1,1
48,307,0,2,7,0,2,1,2,1,1,1,1,4,1,1
3,266,0,2,4,7,2,1,2,1,2,1,1,2,0,0
3,307,0,2,1,2,2,1,1,1,2,1,1,4,1,1
2,307,307,2,1,7,2,2,1,2,2,1,1,1,0,0
21,182,0,1,1,2,1,2,1,2,2,1,1,3,1,1
1,307,0,2,1,0,1,2,1,1,2,1,2,3,1,1
4,307,0,2,2,0,2,1,1,1,1,1,1,4,1,1
48,109,307,2,2,3,2,1,2,1,2,1,1,1,0,0
2,266,266,3,1,6,1,2,2,2,2,1,4,3,1,1
2,266,266,1,1,6,1,2,1,1,2,1,1,1,0,0
10,266,266,2,6,7,2,1,1,1,1,1,1,2,0,0
4,266,0,1,6,0,2,2,2,2,2,1,1,3,1,1
2,266,0,2,1,6,1,2,1,1,2,1,1,2,0,0
2,213,307,2,5,0,1,2,2,1,2,1,1,1,0,0
8,205,0,1,2,5,1,1,2,1,2,1,1,3,1,1
1,265,0,2,7,0,1,2,2,2,2,1,1,2,0,0
1,266,0,1,2,6,2,2,1,1,2,1,1,2,0,0
3,265,0,1,7,0,1,2,2,1,2,1,1,3,1,1
15,109,141,2,3,5,2,3,1,1,3,1,1,3,1,1
3,307,0,2,2,0,2,1,1,1,2,1,1,2,0,0
2,266,0,2,1,7,2,1,1,1,2,1,1,1,0,0
2,307,0,2,2,7,2,2,1,2,2,1,1,2,0,0
2,307,0,2,1,7,2,2,1,2,2,1,1,4,1,1
10,266,0,2,1,7,2,2,2,2,2,1,1,4,1,1
36,307,0,3,1,3,3,3,3,3,3,1,4,4,1,1
10,213,178,1,3,5,2,1,3,1,2,1,1,2,0,0
3,200,0,1,5,7,3,2,1,1,1,1,1,3,1,1
4,307,0,3,1,2,1,1,1,1,2,1,3,4,1,1
8,307,307,1,2,0,2,1,1,1,2,1,1,2,0,0
2,307,307,2,2,7,2,1,2,1,2,1,1,1,0,0
12,39,307,2,1,2,2,1,1,1,1,1,1,4,1,1
108,152,0,2,1,0,1,1,1,1,2,1,1,1,0,0
12,179,0,1,5,0,1,3,2,3,3,1,1,0,0,0
2,307,0,2,2,0,2,1,1,1,2,1,1,3,1,1
6,307,0,2,2,0,2,1,2,1,3,1,1,3,1,1
5,307,0,1,1,2,2,1,1,1,2,1,1,4,1,1
2,307,0,3,1,2,2,2,1,1,2,1,3,2,0,0
2,266,0,1,1,7,2,2,1,1,2,1,1,3,1,1
6,76,0,1,1,7,3,2,1,1,2,1,1,1,0,0
0,266,0,3,1,2,2,2,2,2,2,1,4,2,0,0
7,266,0,1,1,7,2,1,1,1,1,1,1,2,0,0
11,49,0,2,1,2,2,1,1,1,1,1,1,1,0,0
29,307,0,2,2,5,2,1,1,1,3,1,1,3,1,1
2,266,0,2,2,0,1,2,1,2,2,1,1,1,0,0
4,307,0,2,5,0,2,1,1,1,2,1,1,3,1,1
12,203,307,1,1,2,2,1,2,1,1,1,1,3,1,1
9,307,78,2,1,2,2,2,1,1,1,1,1,4,1,1
1,307,0,2,1,0,1,2,1,2,2,1,2,4,1,1
1,307,0,3,1,5,2,2,1,1,2,1,4,2,0,0
12,266,0,2,1,7,4,1,1,1,1,1,1,0,0,0
60,205,307,2,1,2,1,3,2,1,3,1,1,4,1,1
5,285,247,2,1,4,2,2,1,2,2,1,1,2,0,0
41,307,0,2,2,3,2,1,1,1,1,1,1,4,1,1
16,205,0,1,1,2,1,1,3,1,1,1,1,1,0,0
3,285,264,3,2,4,1,2,2,2,2,1,4,1,0,0
7,264,285,2,1,6,2,3,3,3,3,1,1,4,1,1
3,307,0,2,2,0,2,2,1,1,2,1,1,2,0,0
3,307,0,1,2,7,2,1,2,1,2,1,1,2,0,0
2,307,0,2,5,0,2,1,1,1,2,1,1,4,1,1
12,265,0,2,1,2,2,3,2,3,2,1,2,2,0,0
1,264,0,3,1,2,1,2,1,2,2,1,3,0,0,0
3,307,0,2,1,2,2,2,1,2,2,1,1,3,1,1
4,218,2,2,1,2,2,2,1,1,2,1,1,1,0,0
7,44,0,2,2,0,2,3,1,3,3,1,1,4,1,1
2,242,243,2,2,0,1,2,1,1,2,1,1,3,1,1
2,265,0,2,1,7,2,3,2,3,3,1,1,1,0,0
10,307,0,2,1,0,2,1,1,1,1,1,1,4,1,1
4,307,307,1,4,0,1,1,1,1,3,1,1,4,1,1
2,307,109,2,2,0,2,1,2,1,2,1,2,0,0,0
3,307,0,2,1,2,3,1,3,1,3,1,2,2,0,0
2,307,0,1,4,0,2,1,1,1,2,1,1,2,0,0
2,266,0,1,2,0,1,2,1,1,2,1,1,2,0,0
1,307,0,2,1,0,3,2,1,1,2,1,1,4,1,1
6,266,0,2,5,7,2,2,2,2,2,1,1,3,1,1
3,307,0,2,1,2,2,1,1,1,2,1,1,3,1,1
2,307,307,1,2,0,2,1,2,1,2,1,1,2,0,0
7,292,266,2,2,5,2,2,1,1,1,1,1,1,0,0
1,307,0,1,1,2,2,3,2,3,2,1,1,2,0,0
84,200,0,1,2,0,2,1,1,1,3,1,1,3,1,1
3,266,0,1,5,0,1,3,1,1,3,1,1,2,0,0
3,266,0,3,2,4,2,1,1,1,1,1,5,3,1,1
24,266,266,2,6,7,1,2,1,1,1,1,1,4,1,1
1,299,0,3,1,4,1,2,1,2,2,1,4,3,1,1
4,266,0,1,1,7,2,2,1,1,2,1,2,1,0,0
2,265,0,1,1,7,2,1,1,1,3,1,1,3,1,1
18,285,288,1,5,7,3,2,2,2,2,1,1,2,0,0
5,307,0,2,5,0,2,1,1,1,1,1,1,4,1,1
1,307,0,2,3,5,2,3,2,3,3,1,1,4,1,1
2,266,306,2,1,7,1,3,1,3,3,1,1,2,0,0
4,266,0,1,4,0,2,2,1,2,2,1,1,1,0,0
9,141,0,2,1,0,2,3,2,3,3,1,1,3,1,1
48,307,0,2,2,5,2,1,1,1,1,1,1,4,1,1
1,307,0,2,1,2,1,1,2,1,2,1,1,3,1,1
4,266,0,2,1,3,2,2,2,1,2,1,2,3,1,1
2,299,0,2,2,4,1,2,1,1,2,1,1,2,0,0
108,307,0,1,5,7,2,3,1,3,2,1,1,2,0,1
0,292,299,3,2,5,2,2,1,2,2,1,3,1,0,0
2,266,0,3,1,3,1,1,1,1,2,1,4,2,0,0
2,283,0,3,1,4,1,2,1,2,2,1,4,4,1,1
3,307,0,3,5,0,2,1,2,1,2,1,2,3,1,1
2,128,307,2,2,7,2,1,1,1,2,1,1,2,0,0
8,307,0,2,4,5,2,1,2,1,2,1,1,4,1,1
3,307,0,1,2,7,2,1,1,1,2,1,2,2,0,0
2,266,0,2,6,7,2,2,1,1,2,1,1,2,0,0
2,307,0,1,1,5,2,2,1,2,2,1,1,3,1,1
4,266,0,2,3,6,1,1,1,1,2,1,1,2,0,0
12,307,307,2,2,3,2,3,2,3,3,1,1,1,0,0
72,78,0,2,1,2,3,1,1,1,1,1,1,2,0,0
1,266,0,2,1,7,1,2,1,2,2,1,1,2,0,0
3,307,0,1,1,7,2,1,1,1,1,1,1,1,0,0
2,307,0,2,1,7,2,2,2,2,2,1,6,3,1,1
2,307,307,2,2,0,2,2,2,1,2,1,1,4,1,1
2,20,141,3,2,5,1,2,1,2,1,1,2,2,0,0
1,128,307,2,1,2,2,1,1,1,2,1,1,3,1,1
36,306,0,3,1,3,2,1,2,1,1,1,5,4,1,1
24,141,141,1,1,0,3,1,2,1,1,1,1,1,0,0
2,307,0,1,1,2,2,2,1,2,2,1,1,2,0,0
2,292,265,2,1,2,1,2,2,2,2,1,3,0,0,0
3,307,0,3,1,2,2,1,1,1,1,1,4,3,1,1
7,307,0,2,4,0,2,2,1,2,2,1,1,3,1,1
2,265,285,1,1,0,1,2,2,2,3,1,1,1,0,0
2,266,0,1,1,0,1,2,1,1,2,1,1,3,1,1
84,192,0,1,7,0,3,1,3,1,3,1,1,3,1,1
1,307,0,2,1,0,3,1,1,1,2,1,2,2,0,0
3,307,0,1,2,0,1,2,2,2,2,1,1,1,0,0
8,218,307,2,1,2,2,1,2,1,2,1,1,2,0,0
1,307,0,2,1,7,2,3,2,3,2,1,1,2,0,0
60,111,0,2,6,0,3,2,1,1,1,1,1,1,0,0
36,307,0,2,2,0,2,1,1,2,1,1,1,4,1,1
60,307,0,2,2,7,2,1,2,1,1,1,1,3,1,1
2,307,0,3,1,2,3,2,1,1,2,1,6,2,0,0
2,292,266,2,2,7,1,3,2,3,2,1,1,2,0,0
12,307,307,2,2,7,2,1,2,2,1,1,1,4,1,1
1,299,266,3,1,7,2,2,1,2,2,1,4,1,0,0
12,307,307,2,2,0,2,2,2,1,2,1,1,4,1,1
1,265,0,3,6,7,2,2,2,2,2,1,2,1,0,0
1,71,307,2,1,7,2,3,1,3,2,1,1,3,1,1
1,39,0,1,1,0,2,2,2,2,2,1,1,2,0,0
60,307,0,1,1,5,2,1,1,1,1,1,1,4,1,1
2,32,307,1,1,2,2,2,1,1,2,1,1,2,0,0
8,307,0,1,1,0,2,1,1,1,1,1,1,4,1,1
2,307,0,1,1,7,2,2,1,2,2,1,1,4,1,1
2,307,307,1,2,0,2,1,1,1,2,1,1,3,1,1
3,307,307,1,1,2,2,2,1,2,2,1,1,2,0,0
2,307,0,2,1,3,2,2,2,2,2,1,1,2,0,0
7,247,0,1,1,2,1,1,1,1,2,1,1,3,1,1
2,266,302,2,2,4,2,2,2,1,2,1,1,1,0,0
36,179,307,1,7,0,2,3,3,3,2,1,1,3,1,1
2,307,307,2,2,7,2,2,2,1,2,1,1,4,1,1
8,285,0,1,3,4,3,1,2,1,1,1,1,1,0,0
36,251,0,2,2,7,2,1,1,1,1,1,1,4,1,1
4,307,0,2,3,7,2,2,1,2,2,1,1,2,0,0
36,266,0,2,6,7,2,1,1,1,2,1,1,4,1,1
6,213,307,2,2,7,1,1,2,1,1,1,1,3,1,1
5,247,0,2,1,5,1,2,1,2,2,1,1,1,0,0
4,179,0,2,2,0,2,1,1,1,2,1,1,3,1,1
1,307,0,2,1,0,2,2,1,2,2,1,1,3,1,1
2,307,307,1,2,0,2,1,2,1,2,1,1,2,0,0
1,307,0,3,1,2,2,2,1,2,2,1,6,0,0,0
2,31,189,1,1,2,2,2,1,2,2,1,1,1,0,0
8,273,0,2,6,7,2,2,1,2,2,1,1,4,1,1
5,266,0,1,1,7,1,2,1,2,2,1,2,4,1,1
14,266,0,1,2,7,2,1,1,1,1,1,1,4,1,1
5,307,0,1,1,5,3,1,1,1,1,1,1,2,0,0
3,307,0,2,1,5,2,1,1,1,3,1,1,4,1,1
84,109,0,2,3,7,2,1,3,1,2,1,1,2,0,0
5,266,299,2,2,3,1,2,1,1,2,1,1,3,1,1
3,265,0,1,1,7,1,2,1,2,2,1,1,1,0,0
3,266,0,3,2,5,2,3,2,3,3,1,3,1,0,0
10,299,0,1,1,7,3,3,3,2,2,1,1,1,0,0
1,307,307,1,2,0,2,2,2,2,2,1,1,2,0,0
1,243,0,1,1,2,2,2,1,2,2,1,1,1,0,0
36,178,0,2,2,0,1,3,3,3,1,1,1,1,0,0
13,292,285,1,5,7,3,1,1,1,2,1,1,1,0,0
96,69,0,2,2,5,1,1,2,1,1,1,1,0,0,0
12,266,0,2,1,0,2,1,1,1,1,1,3,4,1,1
1,307,0,2,7,0,1,2,1,2,2,1,1,2,0,0
1,265,264,2,1,7,2,2,2,2,2,1,1,1,0,0
7,266,0,1,1,7,3,1,1,1,2,1,1,4,1,1
80,265,0,2,2,6,2,1,2,1,1,1,1,4,1,1
2,266,0,2,4,6,1,2,1,1,2,1,1,2,0,0
11,307,0,2,5,7,2,3,2,1,3,1,1,4,1,1
0,307,0,2,4,7,1,2,2,2,2,1,1,2,0,0
12,265,0,2,1,4,2,1,2,1,1,1,1,4,1,1
3,266,0,1,3,0,2,1,1,1,2,1,1,1,0,0
2,307,0,2,4,7,1,1,1,3,2,1,1,2,0,0
2,266,0,1,3,0,3,3,1,3,3,1,2,2,0,0
5,266,0,3,1,2,2,2,1,1,2,1,7,4,1,1
1,76,218,2,1,7,2,1,1,1,1,1,1,4,1,1
8,266,0,1,7,0,2,1,1,1,3,1,1,2,0,0
0,266,0,3,1,2,1,3,1,3,3,1,3,0,0,0
48,179,307,2,2,0,1,3,2,1,1,1,1,3,1,1
2,265,0,2,7,0,1,3,2,1,3,1,1,1,0,0
4,307,0,2,2,0,2,1,1,1,2,1,1,3,1,1
2,266,0,3,1,4,1,2,1,2,2,1,2,2,0,0
4,307,103,2,1,2,3,1,2,1,1,1,1,2,0,0
1,205,307,1,2,5,1,1,2,1,2,1,3,1,0,0
84,213,213,2,7,0,2,1,2,1,1,1,1,2,0,0
4,266,0,2,1,0,2,1,1,1,2,1,1,2,0,0
4,307,307,2,1,4,2,1,2,1,1,1,1,4,1,1
4,307,0,1,1,2,2,2,1,2,2,1,1,1,0,0
4,307,0,2,1,4,2,1,2,1,1,1,1,2,0,0
1,265,265,3,7,0,1,2,2,2,3,1,3,4,1,1
27,265,0,2,3,5,3,1,2,1,3,1,1,4,1,1
10,189,0,2,1,0,3,1,1,1,2,1,1,1,0,0
24,307,307,3,2,0,2,1,1,1,1,1,2,1,0,0
4,299,0,1,2,5,2,3,3,1,3,1,1,0,0,0
9,254,0,2,1,4,2,1,2,1,2,1,1,2,0,0
4,266,0,1,1,4,1,3,1,3,3,1,3,4,1,1
3,265,266,1,1,6,1,2,2,1,2,1,2,2,0,0
4,307,0,2,2,0,2,1,1,1,2,1,1,3,1,1
6,128,20,1,2,5,2,1,1,1,2,1,1,3,1,1
12,266,0,2,6,0,2,1,1,1,1,1,1,2,0,0
15,266,0,1,2,7,2,1,1,1,1,1,1,3,1,1
2,266,266,2,1,3,1,2,1,2,2,1,1,2,0,0
2,141,128,1,1,2,1,1,1,3,2,1,1,1,0,0
3,276,285,2,2,3,1,2,2,1,2,1,1,2,0,0
10,285,265,1,1,7,3,3,3,1,2,1,1,4,1,1
2,266,0,2,1,6,1,2,1,2,2,1,1,1,0,0
1,265,0,1,1,7,1,2,2,2,2,1,1,2,0,0
1,266,0,2,1,2,1,2,1,2,2,1,3,1,0,0
1,247,299,1,1,6,2,2,1,1,2,1,1,2,0,0
1,266,0,3,1,4,2,2,1,1,2,1,5,2,0,0
1,265,265,2,2,5,1,2,2,2,2,1,1,3,1,1
2,266,0,1,1,7,2,2,1,2,2,1,1,2,0,0
0,266,0,3,1,3,1,2,1,2,2,1,4,3,1,1
5,307,0,2,1,2,2,1,1,1,1,1,2,3,1,1
2,266,266,3,1,7,1,2,1,1,2,1,3,3,1,1
4,266,0,2,6,0,2,2,2,2,1,1,1,1,0,0
2,307,0,1,1,7,2,2,2,2,2,1,3,4,1,1
12,264,0,3,1,7,3,2,3,2,2,1,3,3,1,1
2,266,0,1,2,7,1,2,1,1,2,1,1,3,1,1
0,307,0,3,1,2,2,2,2,3,2,1,3,1,0,0
7,307,0,2,2,6,1,1,1,1,1,1,3,4,1,1
5,266,0,2,1,6,2,1,2,1,3,1,1,2,0,0
1,307,307,2,1,2,2,2,2,2,2,1,1,3,1,1
2,265,0,3,1,2,1,2,2,2,2,1,2,1,0,0
24,109,307,2,2,0,3,1,2,1,1,1,1,4,1,1
2,266,0,1,2,3,2,2,1,2,2,1,1,3,1,1
0,266,0,3,1,2,2,2,1,2,2,1,5,3,1,1
11,307,141,3,1,2,2,3,1,3,3,1,5,4,1,1
12,303,0,2,1,2,2,2,1,2,2,1,1,2,0,0
12,307,0,3,2,0,2,1,2,1,1,1,2,4,1,1
3,289,266,2,6,0,2,2,2,2,2,1,1,3,1,1
4,307,0,3,4,5,2,1,2,1,2,1,2,3,1,1
0,20,0,1,1,2,2,3,1,3,3,1,1,3,1,1
4,265,0,2,4,0,1,2,1,2,2,1,1,2,0,0
2,266,0,2,6,7,1,2,1,2,2,1,1,1,0,0
1,266,0,2,2,3,1,2,1,2,2,1,1,2,0,0
1,266,0,2,2,7,3,2,1,1,3,1,1,2,0,0
2,307,0,3,1,2,2,2,1,2,2,1,4,2,0,0
9,119,204,1,1,7,2,1,2,1,3,1,1,3,1,1
12,266,285,3,2,5,2,2,2,2,2,1,3,4,1,1
0,299,265,1,2,3,2,2,2,2,2,1,1,1,0,0
1,21,21,1,1,3,2,2,1,2,2,1,5,3,1,1
1,307,0,1,1,2,2,2,1,2,3,1,6,3,1,1
1,307,0,3,1,2,2,2,2,2,2,1,3,4,1,1
3,307,0,2,5,0,2,1,2,3,2,1,1,2,0,0
55,266,0,2,1,4,3,1,1,1,1,1,3,4,1,1
1,265,266,3,1,4,1,2,2,2,2,1,4,2,0,0
2,307,0,2,1,2,2,2,1,1,2,1,1,3,1,1
12,266,265,3,5,6,2,3,1,3,3,1,9,2,0,1
24,152,0,2,2,0,1,3,1,3,3,1,1,2,0,0
24,39,0,1,1,7,2,3,3,3,1,1,1,1,0,0
2,117,307,2,1,0,2,1,1,1,1,1,1,3,1,1
1,307,0,2,1,2,2,2,1,1,2,1,1,2,0,0
3,307,307,1,7,0,2,1,2,1,2,1,1,3,1,1
24,264,0,1,7,0,2,3,2,3,2,1,1,3,1,1
1,265,0,2,1,4,2,2,3,1,2,1,1,2,0,0
60,285,0,1,3,0,2,1,2,1,2,1,1,4,1,1
12,265,0,1,7,0,2,2,2,2,2,1,1,2,0,0
24,307,0,2,5,0,2,1,1,1,1,1,1,3,1,1
4,109,307,2,2,0,2,1,3,1,1,1,1,4,1,1
3,265,0,1,3,0,1,2,2,2,2,1,1,1,0,0
2,307,0,2,1,0,2,2,1,1,2,1,1,3,1,1
2,266,0,2,4,7,1,2,1,2,2,1,1,3,1,1
27,307,0,2,2,7,1,1,1,1,1,1,1,1,0,0
8,213,307,1,1,0,1,1,3,1,1,1,1,3,1,1
18,266,0,2,1,3,2,2,1,2,1,1,1,4,1,1
32,141,141,2,3,0,3,2,1,2,2,1,1,1,0,0
4,254,265,2,1,3,2,2,2,2,2,1,1,1,0,0
6,266,0,1,2,7,2,2,1,2,2,1,2,4,1,1
12,307,0,2,2,0,2,1,1,1,3,1,1,4,1,1
3,266,0,3,1,2,2,2,1,2,2,1,2,2,0,0
2,307,0,1,2,0,2,1,1,1,2,1,1,4,1,1
2,265,265,3,1,4,2,2,2,2,2,1,4,4,1,1
2,307,0,2,1,5,2,2,1,2,2,1,3,4,1,1
5,266,0,1,2,3,2,2,1,2,2,1,1,1,0,0
5,265,0,2,5,6,2,2,1,2,2,1,2,4,1,1
48,173,0,1,2,7,3,1,1,1,1,1,1,4,1,1
1,307,0,2,1,2,2,1,1,1,2,1,1,3,1,1
2,264,0,3,1,3,1,2,2,2,2,1,2,2,0,0
5,266,0,2,1,2,2,2,1,2,2,1,1,2,0,0
2,266,266,1,1,2,1,2,1,2,2,1,1,3,1,1
18,307,307,2,1,5,2,2,2,2,1,1,2,4,1,1
1,289,264,2,5,6,2,2,3,1,2,1,1,1,0,0
11,109,307,2,2,7,2,1,2,1,1,1,1,3,1,1
2,307,0,2,2,5,2,2,2,2,2,1,4,2,0,0
3,307,0,1,1,0,2,2,1,1,2,1,1,1,0,0
10,125,39,2,1,7,2,1,2,1,1,1,1,2,0,0
2,307,307,1,1,2,1,1,2,1,2,1,1,4,1,1
4,266,0,1,2,6,2,1,2,1,2,1,1,4,1,1
1,265,0,3,5,7,1,2,2,2,2,1,2,1,0,0
3,282,283,1,1,3,2,2,2,1,2,1,2,4,1,1
3,266,285,2,1,7,2,1,2,1,2,1,1,1,0,0
24,49,307,2,1,5,2,1,2,2,1,1,1,2,0,0
4,242,252,3,1,2,3,1,3,1,2,1,2,4,1,1
4,307,0,2,1,7,2,1,1,1,1,1,1,1,0,0
2,265,0,1,2,7,1,2,1,2,2,1,1,2,0,0
8,128,0,2,2,7,1,1,1,1,2,1,1,3,1,1
4,307,0,3,2,0,2,2,1,2,2,1,5,3,1,1
1,307,0,3,1,2,1,2,1,2,2,1,6,3,1,1
7,231,307,2,2,7,2,3,2,3,3,1,1,3,1,1
15,307,0,2,2,7,3,1,1,1,1,1,1,4,1,1
36,179,0,1,7,0,1,3,1,3,3,1,1,3,1,1
4,307,76,2,1,2,2,1,1,1,2,1,1,3,1,1
1,307,0,2,1,2,2,2,2,2,2,1,1,2,0,0
9,266,0,1,1,2,2,1,1,1,1,1,1,1,0,0
1,266,0,2,4,0,1,2,1,2,2,1,1,1,0,0
17,266,0,3,1,2,2,2,1,1,1,1,4,4,1,1
24,1,0,3,4,0,2,1,1,1,1,1,2,4,1,1
3,266,266,2,1,4,1,2,1,1,2,1,1,0,0,0
12,265,292,1,2,6,2,1,2,1,1,1,1,4,1,1
3,266,265,2,1,4,2,2,1,1,2,1,4,2,0,0
36,205,0,2,2,7,1,1,3,1,2,1,1,3,1,1
2,200,307,2,2,0,2,3,1,3,2,1,1,3,1,1
10,218,128,2,2,7,1,3,1,3,1,1,1,2,0,0
3,266,0,2,2,3,2,2,1,2,2,1,1,2,0,0
2,307,0,1,1,5,2,2,2,2,2,1,1,3,1,1
2,292,0,1,2,5,2,2,2,1,2,1,1,3,1,1
72,249,272,1,3,0,3,1,1,1,1,1,1,2,0,0
2,265,265,1,7,0,2,1,2,1,2,1,1,2,0,0
2,307,0,2,1,2,2,1,2,1,2,1,1,3,1,1
2,266,0,1,2,7,1,2,2,2,2,1,1,1,0,0
3,299,0,2,3,0,2,2,1,1,2,1,1,2,0,0
2,307,0,1,1,2,1,2,1,2,2,1,1,4,1,1
15,179,179,2,5,0,2,1,1,1,2,1,1,4,1,1
3,307,0,1,4,7,2,2,1,2,2,1,1,3,1,1
2,266,0,1,2,7,2,2,1,1,2,1,1,2,0,0
36,103,0,2,1,0,3,3,2,1,2,1,1,1,0,0
12,265,0,1,1,7,2,1,2,1,1,1,1,1,0,0
12,307,0,2,2,0,2,3,2,3,1,1,1,4,1,1
24,189,0,1,1,2,3,2,1,1,1,1,1,2,0,0
54,205,0,1,6,7,1,3,2,3,2,1,1,2,0,0
5,307,0,2,2,0,2,1,1,1,1,1,1,4,1,1
60,19,0,2,1,2,2,1,1,1,1,1,1,2,0,0
4,307,0,2,2,0,2,2,1,1,2,1,1,2,0,0
48,119,0,1,6,7,3,3,3,3,3,1,1,1,0,0
7,72,307,2,5,0,2,1,1,1,1,1,1,1,0,0
9,299,0,2,1,2,2,1,2,1,1,1,1,4,1,1
2,307,0,2,5,0,2,2,1,2,2,1,2,0,0,0
1,307,307,2,2,0,2,1,2,1,2,1,1,3,1,1
4,264,0,2,1,2,3,1,3,1,1,1,1,1,0,0
36,205,0,2,2,7,1,1,3,1,1,1,1,1,0,0
4,307,0,2,1,2,2,1,1,1,1,1,1,4,1,1
3,307,0,2,1,2,2,2,2,2,2,1,1,4,1,1
2,285,0,1,1,4,2,2,3,1,2,1,2,3,1,1
3,264,266,3,4,5,2,2,2,2,2,1,4,2,0,0
3,179,307,1,1,0,3,3,2,1,2,1,1,1,0,0
12,254,0,2,1,4,2,1,2,1,1,1,1,4,1,1
1,266,0,3,1,4,2,2,1,1,2,1,4,4,1,1
2,218,307,2,1,2,2,2,1,2,2,1,1,2,0,0
5,254,266,2,1,4,2,2,2,1,2,1,1,1,0,0
12,307,307,2,2,0,2,2,1,1,2,1,1,4,1,1
3,252,0,2,2,5,1,3,1,3,3,1,1,4,1,1
1,307,0,2,4,0,2,2,2,2,2,1,2,4,1,1
4,266,0,1,1,6,2,2,1,2,2,1,1,1,0,0
2,307,307,1,2,7,2,2,2,1,2,1,1,2,0,0
1,266,0,2,7,0,1,2,1,2,2,1,1,3,1,1
3,266,0,3,1,2,1,2,1,2,2,1,3,4,1,1
5,307,0,1,1,2,2,1,1,1,1,1,1,2,0,0
36,100,0,2,4,0,1,2,1,2,3,1,1,1,0,0
2,307,0,2,5,7,2,2,1,2,3,1,1,0,0,0
12,266,265,3,6,7,2,1,2,1,1,1,3,0,0,0
6,266,0,2,1,7,1,3,1,3,3,1,1,2,0,0
2,218,307,2,1,2,2,1,1,1,2,1,1,3,1,1
84,205,0,1,2,7,2,3,2,1,2,1,1,2,0,0
3,265,266,3,1,2,1,2,2,2,2,1,3,1,0,0
2,307,0,2,1,2,2,2,2,1,2,1,1,2,0,0
2,307,307,2,1,2,2,2,1,2,2,1,2,1,0,0
12,266,0,1,2,5,2,2,1,2,2,1,1,1,0,0
3,265,0,1,1,0,1,1,2,1,2,1,1,2,0,0
2,307,0,2,1,2,2,1,2,1,2,1,2,4,1,1
36,307,0,2,2,0,2,1,1,1,1,1,1,4,1,1
5,39,188,1,1,7,2,1,2,1,2,1,1,3,1,1
5,266,0,3,6,7,1,1,1,1,1,1,2,4,1,1
24,266,0,2,1,7,2,1,1,1,2,1,1,3,1,1
24,264,264,1,7,0,3,1,3,1,1,1,1,1,0,0
7,288,299,2,2,7,1,3,2,3,2,1,1,2,0,0
2,303,266,1,1,2,1,2,2,2,2,1,1,2,0,0
12,266,0,2,1,0,2,3,2,3,3,1,1,4,1,1
1,307,0,2,1,0,2,2,1,2,2,1,5,4,1,1
1,265,0,3,1,6,2,2,2,2,2,1,3,1,0,0
6,266,0,2,7,0,2,1,1,1,2,1,1,1,0,0
1,266,0,1,1,7,2,2,1,1,2,1,1,3,1,1
2,266,0,2,7,0,2,1,1,1,2,1,1,2,0,0
1,307,0,2,1,2,2,1,1,1,1,1,1,4,1,1
5,299,0,1,1,6,2,2,1,1,1,1,1,2,0,0
2,307,0,1,1,5,2,1,1,1,2,1,1,1,0,0
1,264,266,2,1,2,1,2,2,2,2,1,1,2,0,0
2,307,307,1,1,2,2,2,2,1,2,1,1,2,0,0
24,307,0,1,1,0,2,1,1,1,1,1,1,3,1,1
2,307,0,3,1,2,3,2,1,2,2,1,6,3,1,1
2,307,0,1,1,2,2,1,1,1,1,1,2,4,1,1
1,266,0,3,1,4,1,2,1,2,2,1,4,2,0,0
12,307,0,2,2,0,2,1,2,1,1,1,1,4,1,1
3,266,266,2,1,6,2,1,1,1,2,1,1,1,0,0
2,266,0,1,7,0,2,2,1,2,2,1,2,2,0,0
4,265,0,2,2,6,1,2,2,2,2,1,1,4,1,1
4,265,0,2,1,2,2,2,2,1,2,1,1,4,1,1
3,18,0,2,1,4,1,3,1,3,3,1,1,4,1,1
2,264,0,3,1,2,3,2,3,2,2,1,4,4,1,1
1,307,0,3,1,2,1,2,1,1,2,1,9,2,0,1
48,179,0,2,5,0,1,1,2,1,1,1,1,2,0,0
1,265,0,1,1,6,1,2,2,2,2,1,1,1,0,0
8,285,252,2,2,7,2,1,2,1,2,1,1,4,1,1
4,266,0,1,1,0,2,1,1,1,1,1,1,3,1,1
9,307,307,1,2,5,2,2,1,1,2,1,1,2,0,0
36,266,0,1,2,0,2,1,2,1,1,1,1,3,1,1
20,299,0,1,1,6,2,1,1,1,1,1,1,4,1,1
36,205,0,2,1,2,1,1,2,1,2,1,1,2,0,0
2,109,307,2,1,2,2,1,2,1,2,1,4,0,0,0
2,307,0,1,2,7,1,3,1,3,3,1,1,4,1,1
2,307,0,1,2,7,2,1,1,1,2,1,1,1,0,0
3,307,0,1,5,7,2,1,1,1,2,1,1,2,0,0
36,20,0,1,1,2,2,3,2,3,2,1,1,2,0,0
9,307,0,2,1,2,2,1,1,1,1,1,1,4,1,1
2,307,0,2,2,0,2,1,1,1,1,1,1,2,0,0
2,307,0,2,1,2,2,3,1,3,2,1,1,3,1,1
57,150,0,1,2,3,3,1,1,1,2,1,1,1,0,0
6,266,0,1,6,0,2,1,1,1,1,1,2,4,1,1
72,307,0,2,1,2,2,1,1,1,1,1,1,4,1,1
96,141,0,2,4,0,3,1,1,1,1,1,1,3,1,1
1,307,307,2,1,2,1,2,1,1,2,1,3,3,1,1
1,307,0,2,1,2,2,2,2,2,2,1,1,2,0,0
5,307,141,1,1,7,2,3,1,3,2,1,1,3,1,1
2,303,266,3,1,2,1,2,1,2,2,1,2,2,0,0
36,78,307,2,1,2,2,1,1,1,1,1,1,4,1,1
2,307,0,2,2,0,2,1,2,1,2,1,1,2,0,0
2,307,0,1,5,7,2,2,1,2,2,1,1,1,0,0
14,266,0,2,3,7,2,2,1,2,2,1,2,3,1,1
48,109,0,3,3,0,2,3,2,3,3,1,2,4,1,1
3,265,0,3,1,6,2,2,2,2,2,1,3,4,1,1
4,307,0,2,1,2,2,1,1,1,2,1,1,3,1,1
1,307,0,2,2,7,2,1,2,1,2,1,1,1,0,0
3,307,0,2,2,0,3,2,1,2,2,1,1,2,0,0
36,119,0,2,2,5,3,3,2,3,1,1,1,3,1,1
3,266,0,2,1,2,1,2,1,1,2,1,1,4,1,1
108,307,0,1,2,7,2,2,1,2,2,1,1,2,0,1
12,307,0,3,2,5,2,1,1,1,1,1,5,3,1,1
2,273,0,2,1,3,1,2,1,1,2,1,3,1,0,0
2,307,0,1,1,2,2,2,2,1,2,1,1,1,0,0
1,265,265,3,6,7,1,2,2,2,2,1,4,3,1,1
24,266,266,2,6,0,2,1,1,1,1,1,1,4,1,1
1,307,0,1,1,4,2,2,1,1,2,1,1,1,0,0
24,307,0,2,2,0,3,2,1,2,1,1,2,4,1,1
2,266,0,1,1,0,2,1,1,1,2,1,1,1,0,0
1,307,0,2,2,0,2,2,1,1,2,1,1,4,1,1
3,265,0,2,3,4,1,1,2,1,1,1,1,1,0,0
36,109,307,1,3,0,2,2,2,1,1,1,1,2,0,0
5,1,0,2,1,4,2,2,1,2,2,1,2,4,1,1
3,265,0,2,1,4,1,2,2,2,2,1,1,1,0,0
2,266,254,3,1,3,1,2,1,1,2,1,5,4,1,1
4,307,0,2,7,0,2,2,2,2,2,1,1,4,1,1
2,307,0,1,5,0,2,1,2,1,2,1,1,1,0,0
3,266,0,1,2,0,2,2,1,2,2,1,1,1,0,0
38,265,0,2,5,7,2,2,2,2,2,1,1,2,0,0
4,206,0,1,1,7,3,3,2,3,3,1,1,2,0,0
5,178,0,1,2,5,1,1,2,1,2,1,1,1,0,0
1,307,0,2,2,0,2,2,1,1,2,1,1,2,0,0
2,254,266,3,1,3,1,1,1,1,2,1,2,2,0,0
4,266,0,2,2,5,2,2,1,2,1,1,1,4,1,1
2,266,0,3,1,2,2,2,2,2,2,1,4,1,0,0
1,189,307,1,1,5,2,2,2,1,2,1,2,2,0,0
3,266,0,2,1,6,2,2,2,1,2,1,1,1,0,0
12,266,0,2,2,5,1,1,1,1,1,1,1,1,0,0
14,292,0,2,2,5,2,2,2,1,2,1,2,3,1,1
12,307,200,1,1,5,2,3,1,3,2,1,1,2,0,0
24,292,0,1,1,7,4,1,2,1,2,1,1,3,1,1
2,265,299,1,1,2,2,1,2,1,2,1,1,1,0,0
4,266,0,1,7,0,1,2,1,2,2,1,1,4,1,1
12,266,0,3,1,2,2,1,1,1,1,1,2,4,1,1
2,265,0,1,1,6,2,1,2,1,2,1,1,1,0,0
11,307,0,2,7,0,2,3,3,3,3,1,1,2,0,0
8,141,307,3,1,0,2,1,1,1,2,1,2,3,1,1
2,307,0,1,2,0,2,2,1,2,2,1,1,4,1,1
4,307,0,2,1,2,2,1,2,1,2,1,1,0,0,0
4,266,0,1,2,5,2,3,1,3,2,1,1,1,0,0
24,266,266,1,3,4,2,1,1,1,1,1,1,2,0,0
12,119,0,1,4,7,2,1,1,1,1,1,1,3,1,1
1,307,0,2,1,2,2,2,2,1,1,1,1,3,1,1
3,265,0,3,1,4,1,1,2,1,1,1,6,4,1,1
10,78,0,1,1,2,2,2,1,2,2,1,1,2,0,0
8,266,0,1,1,6,2,1,1,1,2,1,1,3,1,1
2,265,0,1,2,7,2,2,2,2,2,1,1,3,1,1
24,141,307,2,3,5,2,1,1,1,1,1,1,3,1,1
2,266,266,3,1,2,1,1,1,1,2,1,2,4,1,1
10,266,0,3,3,6,1,2,2,2,1,1,7,4,1,1
3,299,0,2,2,6,1,3,1,1,2,1,1,2,0,0
2,266,0,2,3,5,2,1,2,1,2,1,1,2,0,0
1,243,0,3,6,0,1,3,1,3,3,1,2,1,0,0
1,266,266,3,1,6,2,2,1,1,3,1,5,4,1,1
10,288,276,2,5,6,3,1,3,1,1,1,1,2,0,0
24,292,0,2,2,5,2,2,1,1,2,1,1,3,1,1
18,265,0,2,1,7,3,2,2,1,2,1,6,3,1,1
24,307,0,2,1,2,2,1,2,1,1,1,1,3,1,1
5,265,0,1,6,7,2,2,2,2,2,1,1,1,0,0
2,307,0,2,1,2,2,1,1,1,2,1,1,1,0,0
4,195,179,2,7,0,1,1,1,1,2,1,1,0,0,0
12,266,0,1,6,7,2,2,1,1,1,1,1,3,1,1
2,266,0,1,1,2,2,2,1,2,2,1,4,3,1,1
4,307,0,2,1,2,1,1,2,1,2,1,1,2,0,0
12,266,0,2,4,6,2,1,1,1,1,1,1,0,0,0
2,266,0,1,3,7,2,2,1,2,2,1,1,1,0,0
2,307,0,2,2,7,2,1,1,1,2,1,1,1,0,0
1,307,0,2,5,7,2,2,2,2,2,1,1,2,0,0
12,266,0,2,1,0,2,2,1,1,1,1,1,4,1,1
5,265,265,3,1,2,2,1,2,1,2,1,2,3,1,1
3,266,0,1,1,0,2,2,1,1,2,1,1,3,1,1
6,307,0,3,1,2,2,3,1,3,3,1,3,4,1,1
2,266,0,1,3,0,1,2,1,2,2,1,1,4,1,1
2,266,0,1,1,7,1,3,1,3,2,1,1,2,0,0
1,266,0,3,1,6,1,2,1,1,2,1,3,1,0,0
5,285,264,1,1,6,3,1,3,1,2,1,1,3,1,1
2,307,0,2,2,7,2,2,1,2,2,1,1,1,0,0
4,307,0,1,7,0,2,1,1,1,2,1,1,1,0,0
0,307,307,1,7,0,2,1,1,1,2,1,1,2,0,0
1,266,0,1,4,5,1,2,1,1,2,1,1,3,1,1
4,266,0,3,1,6,2,2,1,1,2,1,4,2,0,0
6,75,205,2,2,5,1,3,2,1,1,1,1,1,0,0
8,75,307,2,1,0,2,3,1,3,1,1,1,1,0,0
3,266,0,1,1,2,2,2,1,1,2,1,1,3,1,1
3,264,0,2,1,0,1,2,3,2,1,1,1,2,0,0
7,307,0,2,2,7,2,3,1,3,3,1,1,4,1,1
12,285,264,2,1,5,2,1,3,1,1,1,1,3,1,1
2,266,0,2,2,6,2,2,1,2,2,1,4,3,1,1
96,205,0,2,5,7,1,1,2,1,3,1,1,3,1,1
3,307,0,3,1,2,1,3,1,3,3,1,4,4,1,1
24,20,307,2,1,7,2,1,1,1,1,1,1,3,1,1
60,20,307,1,1,7,2,1,1,1,1,1,1,4,1,1
8,266,299,2,1,6,2,2,2,2,1,1,1,2,0,0
12,265,0,1,3,7,2,1,2,1,1,1,1,4,1,1
6,273,0,1,1,7,2,2,2,2,2,1,1,4,1,1
12,266,0,1,3,4,1,2,1,1,1,1,1,4,1,1
12,295,0,3,2,7,2,1,2,1,1,1,2,4,1,1
48,75,307,1,5,7,2,1,2,3,3,1,1,2,0,0
36,307,228,1,2,5,1,1,3,1,1,1,1,2,0,0
24,20,0,1,2,5,2,1,1,1,1,1,1,1,0,0
3,266,0,3,1,2,1,1,1,1,3,1,3,4,1,1
2,307,307,2,5,7,2,2,2,2,2,1,1,2,0,0
2,266,0,1,1,7,2,2,2,1,2,1,1,3,1,1
0,266,0,2,2,3,1,1,1,1,1,1,1,3,1,1
2,307,307,2,1,4,3,2,1,1,2,1,1,1,0,0
2,307,307,3,1,7,2,2,1,2,2,1,2,3,1,1
3,266,0,3,4,6,2,2,1,1,2,1,2,1,0,0
3,307,0,2,1,2,2,2,1,2,2,1,1,4,1,1
2,307,0,1,1,2,2,2,2,2,2,1,1,3,1,1
2,69,307,2,1,0,2,3,1,1,2,1,1,2,0,0
12,109,179,1,2,7,2,1,2,1,2,1,1,2,0,0
1,70,307,2,1,5,2,2,1,2,2,1,1,1,0,0
20,206,213,2,1,4,2,1,2,1,1,1,1,4,1,1
3,266,0,1,1,7,1,2,1,2,2,1,1,1,0,0
1,218,307,2,1,2,2,2,1,1,2,1,1,2,0,0
5,141,307,1,4,0,2,1,2,1,1,1,1,4,1,1
1,307,0,2,1,2,2,2,1,2,2,1,6,3,1,1
5,266,265,3,2,6,1,1,2,1,2,1,3,4,1,1
12,307,0,2,2,7,1,1,1,1,1,1,2,2,0,0
3,3,0,1,2,0,2,2,2,1,2,1,4,4,1,1
4,307,0,2,1,2,2,2,2,1,2,1,1,4,1,1
15,292,0,2,7,0,2,2,1,2,3,1,1,4,1,1
1,266,0,2,3,4,2,2,1,2,2,1,1,1,0,0
2,266,0,3,1,6,2,2,1,2,2,1,2,2,0,0
2,307,0,1,1,2,1,2,2,2,2,1,2,0,0,0
60,266,0,1,2,5,1,1,1,1,1,1,1,2,0,0
11,307,103,1,1,2,2,3,2,3,3,1,1,2,0,0
3,307,0,1,2,0,2,2,1,1,2,1,2,4,1,1
3,265,0,1,1,0,1,2,2,2,2,1,1,1,0,0
6,266,0,1,3,7,1,2,1,2,2,1,1,2,0,0
3,243,0,2,2,3,2,2,2,1,2,1,2,4,1,1
5,266,0,2,1,4,2,2,2,2,2,1,2,3,1,1
2,307,0,2,2,7,2,1,1,1,2,1,1,2,0,0
5,307,0,2,1,7,1,1,1,1,1,1,1,4,1,1
84,266,0,2,6,7,2,1,1,1,1,1,1,3,1,1
18,307,0,1,2,7,2,1,1,1,1,1,1,4,1,1
2,307,0,2,1,2,2,2,1,2,2,1,1,3,1,1
84,231,147,2,7,0,1,1,2,1,1,1,1,2,0,0
46,179,0,2,5,7,1,1,3,1,1,1,1,3,1,1
7,307,0,2,1,7,2,1,1,1,2,1,1,3,1,1
1,307,0,1,2,0,1,1,2,1,2,1,1,4,1,1
3,264,265,2,1,2,1,2,2,1,2,1,1,4,1,1
10,119,109,2,4,5,2,1,2,1,1,1,1,4,1,1
29,285,264,2,1,2,2,3,3,3,3,1,1,2,0,0
3,265,265,2,2,7,2,1,2,1,2,1,1,1,0,0
4,265,265,3,1,6,2,2,2,2,2,1,4,4,1,1
29,264,0,2,2,5,2,2,3,2,2,1,1,1,0,0
36,205,0,1,1,0,2,1,1,1,3,1,1,2,0,0
108,307,0,1,2,7,2,3,2,3,3,1,1,4,1,1
36,17,0,1,1,3,1,3,2,1,2,1,1,3,1,1
19,265,0,2,1,7,2,1,2,1,1,1,1,4,1,1
2,265,0,1,4,7,2,2,2,3,2,1,1,2,0,0
2,307,0,3,1,2,2,1,1,1,2,1,4,2,0,0
2,265,0,2,1,2,1,2,2,2,2,1,1,2,0,0
72,103,0,1,1,2,3,1,1,1,2,1,1,1,0,0
9,266,0,2,1,5,2,2,1,2,2,1,1,4,1,1
24,20,0,2,1,2,2,1,1,1,2,1,1,0,0,0
8,266,247,3,1,2,2,1,1,1,2,1,6,3,1,1
48,20,20,2,1,2,2,1,1,1,1,1,1,1,0,0
5,299,0,2,1,2,2,2,1,2,2,1,1,4,1,1
5,266,299,1,1,0,2,2,1,2,2,1,1,2,0,0
2,266,0,3,5,6,2,2,1,2,2,1,3,2,0,0
49,109,0,1,3,4,3,1,2,1,2,1,1,3,1,1
24,141,307,1,4,0,3,3,1,3,1,1,1,3,1,1
2,78,307,3,1,2,2,3,1,3,2,1,3,2,0,0
36,307,307,2,1,0,3,1,1,1,2,1,1,4,1,1
1,307,307,3,1,2,1,2,1,2,2,1,5,2,0,0
1,307,0,1,1,2,2,3,2,3,2,1,1,1,0,0
6,307,0,1,2,7,3,1,1,1,1,1,1,2,0,0
24,307,0,2,1,2,2,1,2,1,1,1,1,2,0,0
2,307,307,2,1,0,2,2,1,1,2,1,3,4,1,1
1,307,0,1,1,2,2,3,2,3,2,1,1,3,1,1
2,265,0,1,2,6,2,1,2,1,2,1,1,1,0,0
2,266,0,2,2,4,2,2,1,1,2,1,1,0,0,0
6,265,0,2,1,3,2,3,2,3,3,1,1,2,0,0
2,307,0,2,5,0,2,1,1,1,1,1,1,3,1,1
7,300,0,2,1,2,2,1,2,1,2,1,1,2,0,0
2,218,307,2,1,7,2,2,2,1,2,1,1,3,1,1
11,307,0,1,2,7,2,1,2,3,3,1,1,4,1,1
3,265,0,1,6,0,1,2,2,2,2,1,1,1,0,0
2,266,0,2,4,7,1,2,1,2,2,1,1,4,1,1
3,307,26,1,1,5,2,1,1,1,1,1,1,4,1,1
